date,btc_price
10/5/2009,0.000764
10/6/2009,0.000885
10/7/2009,0.00105
10/8/2009,0.001084
10/9/2009,0.0012
10/10/2009,0.00112
10/11/2009,0.001153
10/12/2009,0.001102
10/13/2009,0.001129
10/14/2009,0.001136
10/15/2009,0.00117
10/16/2009,0.001245
10/17/2009,0.001241
10/18/2009,0.001225
10/19/2009,0.001248
10/20/2009,0.001233
10/21/2009,0.001211
10/22/2009,0.00122
10/23/2009,0.001257
10/24/2009,0.001273
10/25/2009,0.001288
10/26/2009,0.001266
10/27/2009,0.001263
10/28/2009,0.001285
10/29/2009,0.001266
10/30/2009,0.001256
10/31/2009,0.001247
11/1/2009,0.001219
11/2/2009,0.001256
11/3/2009,0.001273
11/4/2009,0.001306
11/5/2009,0.001306
11/6/2009,0.001286
11/7/2009,0.00128
11/8/2009,0.00126
11/9/2009,0.00126
11/10/2009,0.001236
11/11/2009,0.001299
11/12/2009,0.001341
11/13/2009,0.001355
11/14/2009,0.001286
11/15/2009,0.001236
11/16/2009,0.001189
11/17/2009,0.001178
11/18/2009,0.001106
11/19/2009,0.001073
11/20/2009,0.001077
11/21/2009,0.001064
11/22/2009,0.001059
11/23/2009,0.001
11/24/2009,0.000927
11/25/2009,0.0009
11/26/2009,0.000897
11/27/2009,0.00086
11/28/2009,0.000849
11/29/2009,0.000829
11/30/2009,0.000824
12/1/2009,0.000811
12/2/2009,0.000795
12/3/2009,0.000771
12/4/2009,0.000746
12/5/2009,0.000748
12/6/2009,0.000733
12/7/2009,0.000718
12/8/2009,0.0007
12/9/2009,0.000687
12/10/2009,0.00067
12/11/2009,0.000665
12/12/2009,0.00064
12/13/2009,0.000618
12/14/2009,0.000615
12/15/2009,0.000615
12/16/2009,0.000622
12/17/2009,0.000613
12/18/2009,0.000616
12/19/2009,0.00063
12/20/2009,0.000627
12/21/2009,0.000627
12/22/2009,0.000633
12/23/2009,0.000633
12/24/2009,0.000633
12/25/2009,0.000633
12/26/2009,0.000633
12/27/2009,0.000633
12/28/2009,0.000633
12/29/2009,0.000633
12/30/2009,0.000643
12/31/2009,0.000689
1/1/2010,0.000718
1/2/2010,0.000718
1/3/2010,0.000718
1/4/2010,0.000718
1/5/2010,0.000718
1/6/2010,0.000718
1/7/2010,0.000718
1/8/2010,0.000718
1/9/2010,0.000718
1/10/2010,0.000718
1/11/2010,0.000718
1/12/2010,0.000718
1/13/2010,0.000718
1/14/2010,0.000718
1/15/2010,0.000718
1/16/2010,0.002831
1/17/2010,0.0028
1/18/2010,0.002946
1/19/2010,0.002736
1/20/2010,0.002919
1/21/2010,0.002893
1/22/2010,0.003048
1/23/2010,0.003211
1/24/2010,0.003252
1/25/2010,0.003254
1/26/2010,0.003366
1/27/2010,0.003185
1/28/2010,0.003281
1/29/2010,0.003259
1/30/2010,0.003241
1/31/2010,0.003298
2/1/2010,0.003297
2/2/2010,0.003364
2/3/2010,0.003496
2/4/2010,0.00357
2/5/2010,0.003658
2/6/2010,0.003672
2/7/2010,0.003735
2/8/2010,0.003795
2/9/2010,0.003803
2/10/2010,0.003857
2/11/2010,0.003847
2/12/2010,0.003911
2/13/2010,0.004005
2/14/2010,0.004052
2/15/2010,0.004147
2/16/2010,0.004203
2/17/2010,0.004261
2/18/2010,0.004307
2/19/2010,0.004415
2/20/2010,0.004559
2/21/2010,0.004662
2/22/2010,0.004706
2/23/2010,0.00485
2/24/2010,0.004975
2/25/2010,0.005029
2/26/2010,0.005104
2/27/2010,0.005168
2/28/2010,0.005298
3/1/2010,0.005397
3/2/2010,0.005472
3/3/2010,0.005472
3/4/2010,0.005472
3/5/2010,0.005472
3/6/2010,0.005472
3/7/2010,0.005472
3/8/2010,0.005472
3/9/2010,0.005472
3/10/2010,0.005472
3/11/2010,0.005472
3/12/2010,0.005472
3/13/2010,0.005472
3/14/2010,0.005472
3/15/2010,0.005472
3/16/2010,0.005472
3/17/2010,0.005472
3/18/2010,0.005472
3/19/2010,0.005472
3/20/2010,0.005472
3/21/2010,0.005472
3/22/2010,0.005472
3/23/2010,0.005472
3/24/2010,0.005472
3/25/2010,0.005472
3/26/2010,0.005472
3/27/2010,0.005472
3/28/2010,0.005472
3/29/2010,0.005472
3/30/2010,0.005472
3/31/2010,0.005472
4/1/2010,0.005472
4/2/2010,0.005472
4/3/2010,0.005472
4/4/2010,0.005472
4/5/2010,0.005472
4/6/2010,0.005472
4/7/2010,0.005472
4/8/2010,0.005472
4/9/2010,0.005472
4/10/2010,0.005472
4/11/2010,0.005472
4/12/2010,0.005472
4/13/2010,0.005472
4/14/2010,0.005472
4/15/2010,0.005472
4/16/2010,0.005472
4/17/2010,0.005472
4/18/2010,0.005472
4/19/2010,0.005472
4/20/2010,0.005472
4/21/2010,0.005472
4/22/2010,0.005472
4/23/2010,0.005472
4/24/2010,0.005472
4/25/2010,0.003
4/26/2010,0.003
4/27/2010,0.003
4/28/2010,0.003
4/29/2010,0.003
4/30/2010,0.003
5/1/2010,0.003
5/2/2010,0.003
5/3/2010,0.003
5/4/2010,0.003
5/5/2010,0.003284
5/6/2010,0.004014
5/7/2010,0.004206
5/8/2010,0.003499
5/9/2010,0.003499
5/10/2010,0.0039
5/11/2010,0.004043
5/12/2010,0.004376
5/13/2010,0.004376
5/14/2010,0.004
5/15/2010,0.004
5/16/2010,0.004
5/17/2010,0.004
5/18/2010,0.004647
5/19/2010,0.004571
5/20/2010,0.0045
5/21/2010,0.0045
5/22/2010,0.004473
5/23/2010,0.0047
5/24/2010,0.0047
5/25/2010,0.004845
5/26/2010,0.004598
5/27/2010,0.004598
5/28/2010,0.004547
5/29/2010,0.004485
5/30/2010,0.004485
5/31/2010,0.004485
6/1/2010,0.004485
6/2/2010,0.004485
6/3/2010,0.004485
6/4/2010,0.004485
6/5/2010,0.004485
6/6/2010,0.004485
6/7/2010,0.004518
6/8/2010,0.004518
6/9/2010,0.004563
6/10/2010,0.005
6/11/2010,0.005
6/12/2010,0.005
6/13/2010,0.005
6/14/2010,0.005
6/15/2010,0.005
6/16/2010,0.005
6/17/2010,0.005
6/18/2010,0.004975
6/19/2010,0.004975
6/20/2010,0.004975
6/21/2010,0.004975
6/22/2010,0.004975
6/23/2010,0.004967
6/24/2010,0.005181
6/25/2010,0.005181
6/26/2010,0.0044
6/27/2010,0.0044
6/28/2010,0.005328
6/29/2010,0.005328
6/30/2010,0.0054
7/1/2010,0.006032
7/2/2010,0.0055
7/3/2010,0.006409
7/4/2010,0.006777
7/5/2010,0.007153
7/6/2010,0.00575
7/7/2010,0.007893
7/8/2010,0.00625
7/9/2010,0.00625
7/10/2010,0.008099
7/11/2010,0.007886
7/12/2010,0.011933
7/13/2010,0.016075
7/14/2010,0.019472
7/15/2010,0.030863
7/16/2010,0.060535
7/17/2010,0.068107
7/18/2010,0.0858
7/19/2010,0.0808
7/20/2010,0.0747
7/21/2010,0.0792
7/22/2010,0.0505
7/23/2010,0.0626
7/24/2010,0.0545
7/25/2010,0.0505
7/26/2010,0.056
7/27/2010,0.06
7/28/2010,0.0589
7/29/2010,0.0699
7/30/2010,0.0627
7/31/2010,0.0679
8/1/2010,0.0611
8/2/2010,0.06
8/3/2010,0.06
8/4/2010,0.057
8/5/2010,0.061
8/6/2010,0.0623
8/7/2010,0.059
8/8/2010,0.0609
8/9/2010,0.071
8/10/2010,0.07
8/11/2010,0.067
8/12/2010,0.07
8/13/2010,0.0645
8/14/2010,0.067
8/15/2010,0.0653
8/16/2010,0.0655
8/17/2010,0.07
8/18/2010,0.068
8/19/2010,0.0667
8/20/2010,0.0655
8/21/2010,0.0664
8/22/2010,0.066
8/23/2010,0.0649
8/24/2010,0.065
8/25/2010,0.0648
8/26/2010,0.064
8/27/2010,0.065
8/28/2010,0.0641
8/29/2010,0.064
8/30/2010,0.065
8/31/2010,0.06
9/1/2010,0.0629
9/2/2010,0.0634
9/3/2010,0.0609
9/4/2010,0.0624
9/5/2010,0.0616
9/6/2010,0.0616
9/7/2010,0.061
9/8/2010,0.062
9/9/2010,0.0611
9/10/2010,0.0618
9/11/2010,0.0637
9/12/2010,0.0615
9/13/2010,0.0622
9/14/2010,0.062
9/15/2010,0.0604
9/16/2010,0.0619
9/17/2010,0.059
9/18/2010,0.061
9/19/2010,0.0627
9/20/2010,0.0621
9/21/2010,0.0627
9/22/2010,0.0622
9/23/2010,0.0623
9/24/2010,0.0622
9/25/2010,0.062
9/26/2010,0.062
9/27/2010,0.0622
9/28/2010,0.0619
9/29/2010,0.0619
9/30/2010,0.0619
10/1/2010,0.062
10/2/2010,0.0614
10/3/2010,0.0611
10/4/2010,0.0613
10/5/2010,0.0614
10/6/2010,0.0628
10/7/2010,0.067
10/8/2010,0.0869
10/9/2010,0.0938
10/10/2010,0.0965
10/11/2010,0.095
10/12/2010,0.0949
10/13/2010,0.105
10/14/2010,0.102
10/15/2010,0.105
10/16/2010,0.101
10/17/2010,0.102
10/18/2010,0.1024
10/19/2010,0.097
10/20/2010,0.099
10/21/2010,0.107
10/22/2010,0.1025
10/23/2010,0.1055
10/24/2010,0.115
10/25/2010,0.132
10/26/2010,0.1503
10/27/2010,0.1877
10/28/2010,0.1731
10/29/2010,0.19
10/30/2010,0.1989
10/31/2010,0.1925
11/1/2010,0.1955
11/2/2010,0.1938
11/3/2010,0.1931
11/4/2010,0.23
11/5/2010,0.26
11/6/2010,0.39
11/7/2010,0.34
11/8/2010,0.243
11/9/2010,0.21
11/10/2010,0.24
11/11/2010,0.2231
11/12/2010,0.2682
11/13/2010,0.276
11/14/2010,0.279
11/15/2010,0.2682
11/16/2010,0.223
11/17/2010,0.2299
11/18/2010,0.2678
11/19/2010,0.28
11/20/2010,0.283
11/21/2010,0.2768
11/22/2010,0.2879
11/23/2010,0.283
11/24/2010,0.283
11/25/2010,0.28
11/26/2010,0.2844
11/27/2010,0.283
11/28/2010,0.27
11/29/2010,0.2299
11/30/2010,0.2082
12/1/2010,0.2275
12/2/2010,0.255
12/3/2010,0.2511
12/4/2010,0.205
12/5/2010,0.19
12/6/2010,0.204
12/7/2010,0.233
12/8/2010,0.2388
12/9/2010,0.2
12/10/2010,0.204
12/11/2010,0.228
12/12/2010,0.22
12/13/2010,0.2299
12/14/2010,0.2467
12/15/2010,0.238
12/16/2010,0.25
12/17/2010,0.24
12/18/2010,0.241
12/19/2010,0.2401
12/20/2010,0.267
12/21/2010,0.24
12/22/2010,0.25
12/23/2010,0.25
12/24/2010,0.248
12/25/2010,0.2499
12/26/2010,0.265
12/27/2010,0.265
12/28/2010,0.281
12/29/2010,0.3
12/30/2010,0.3
12/31/2010,0.3
1/1/2011,0.3
1/2/2011,0.3
1/3/2011,0.295
1/4/2011,0.299
1/5/2011,0.299
1/6/2011,0.298
1/7/2011,0.32
1/8/2011,0.3229
1/9/2011,0.323
1/10/2011,0.3266
1/11/2011,0.3266
1/12/2011,0.3188
1/13/2011,0.3176
1/14/2011,0.4
1/15/2011,0.386
1/16/2011,0.3868
1/17/2011,0.3495
1/18/2011,0.313
1/19/2011,0.313
1/20/2011,0.39
1/21/2011,0.4199
1/22/2011,0.4443
1/23/2011,0.4424
1/24/2011,0.4199
1/25/2011,0.41
1/26/2011,0.417
1/27/2011,0.4212
1/28/2011,0.446
1/29/2011,0.439
1/30/2011,0.4799
1/31/2011,0.52
2/1/2011,0.7
2/2/2011,0.716
2/3/2011,0.69
2/4/2011,0.811
2/5/2011,0.92
2/6/2011,0.8997
2/7/2011,0.89
2/8/2011,0.918
2/9/2011,1.09
2/10/2011,0.9803
2/11/2011,1.07
2/12/2011,1.0799
2/13/2011,1.05
2/14/2011,1.07
2/15/2011,1.05
2/16/2011,1.045
2/17/2011,1.04
2/18/2011,0.8989
2/19/2011,0.949
2/20/2011,0.85
2/21/2011,0.8345
2/22/2011,0.8702
2/23/2011,0.9
2/24/2011,0.9974
2/25/2011,0.9111
2/26/2011,0.958
2/27/2011,0.89
2/28/2011,0.86
3/1/2011,0.9202
3/2/2011,0.9399
3/3/2011,0.9391
3/4/2011,0.901
3/5/2011,0.9103
3/6/2011,0.8999
3/7/2011,0.885
3/8/2011,0.87
3/9/2011,0.8645
3/10/2011,0.9329
3/11/2011,0.88
3/12/2011,0.918
3/13/2011,0.8925
3/14/2011,0.8949
3/15/2011,0.87
3/16/2011,0.86
3/17/2011,0.8254
3/18/2011,0.8165
3/19/2011,0.765
3/20/2011,0.7411
3/21/2011,0.759
3/22/2011,0.809
3/23/2011,0.8497
3/24/2011,0.8669
3/25/2011,0.8838
3/26/2011,0.8552
3/27/2011,0.82
3/28/2011,0.799
3/29/2011,0.7925
3/30/2011,0.7897
3/31/2011,0.7846
4/1/2011,0.7741
4/2/2011,0.782
4/3/2011,0.779
4/4/2011,0.68
4/5/2011,0.71
4/6/2011,0.74
4/7/2011,0.7538
4/8/2011,0.75
4/9/2011,0.73
4/10/2011,0.7369
4/11/2011,0.77
4/12/2011,0.86
4/13/2011,0.9225
4/14/2011,1
4/15/2011,0.9899
4/16/2011,1.0499
4/17/2011,1.1123
4/18/2011,1.162
4/19/2011,1.1979
4/20/2011,1.1421
4/21/2011,1.21
4/22/2011,1.409
4/23/2011,1.7001
4/24/2011,1.6301
4/25/2011,1.559
4/26/2011,1.7949
4/27/2011,1.9
4/28/2011,2.2106
4/29/2011,2.88
4/30/2011,3.5
5/1/2011,3.0331
5/2/2011,3.2
5/3/2011,3.41
5/4/2011,3.4061
5/5/2011,3.333
5/6/2011,3.45
5/7/2011,3.641
5/8/2011,3.8659
5/9/2011,3.8
5/10/2011,5.81
5/11/2011,5.5
5/12/2011,6.3002
5/13/2011,8.198
5/14/2011,7.1977
5/15/2011,6.987
5/16/2011,8.0339
5/17/2011,7.19
5/18/2011,6.88
5/19/2011,6.805
5/20/2011,5.5904
5/21/2011,6.1197
5/22/2011,6.6901
5/23/2011,7.1499
5/24/2011,7.42
5/25/2011,8.3997
5/26/2011,8.798
5/27/2011,8.5002
5/28/2011,8.3001
5/29/2011,8.4299
5/30/2011,8.8
5/31/2011,8.741
6/1/2011,9.57
6/2/2011,10.6
6/3/2011,14.29
6/4/2011,18.89
6/5/2011,16.7
6/6/2011,18.5499
6/7/2011,23.9234
6/8/2011,29.6
6/9/2011,28.919
6/10/2011,23.9497
6/11/2011,14.6511
6/12/2011,18.5464
6/13/2011,19.84
6/14/2011,19.28
6/15/2011,19.49
6/16/2011,17
6/17/2011,15.681
6/18/2011,16.89
6/19/2011,17.51
6/20/2011,17.51
6/21/2011,17.51
6/22/2011,17.51
6/23/2011,17.51
6/24/2011,17.51
6/25/2011,17.51
6/26/2011,16.45
6/27/2011,16.75
6/28/2011,16.9498
6/29/2011,16.845
6/30/2011,16.101
7/1/2011,15.397
7/2/2011,15.4
7/3/2011,15.4405
7/4/2011,13.86
7/5/2011,12.9069
7/6/2011,14.7835
7/7/2011,14.7761
7/8/2011,14.314
7/9/2011,14.38
7/10/2011,14.9
7/11/2011,14.2091
7/12/2011,14.0094
7/13/2011,13.951
7/14/2011,13.99
7/15/2011,13.81
7/16/2011,13.7191
7/17/2011,13.16
7/18/2011,13.48
7/19/2011,13.8502
7/20/2011,13.6894
7/21/2011,13.61
7/22/2011,13.6954
7/23/2011,13.68
7/24/2011,13.98
7/25/2011,14.0478
7/26/2011,13.8821
7/27/2011,13.9394
7/28/2011,13.4901
7/29/2011,13.4983
7/30/2011,13.5303
7/31/2011,13.35
8/1/2011,13.0946
8/2/2011,12.05
8/3/2011,9.26
8/4/2011,10.75
8/5/2011,9.7999
8/6/2011,6.55
8/7/2011,7.9
8/8/2011,7.7999
8/9/2011,9.99
8/10/2011,9.98
8/11/2011,9.4625
8/12/2011,9.4605
8/13/2011,10.131
8/14/2011,10.7957
8/15/2011,11.1498
8/16/2011,10.9641
8/17/2011,10.9456
8/18/2011,10.83
8/19/2011,11.65
8/20/2011,11.453
8/21/2011,11.3113
8/22/2011,10.895
8/23/2011,10.94
8/24/2011,10.8506
8/25/2011,9.657
8/26/2011,8.1794
8/27/2011,8.5902
8/28/2011,9.0701
8/29/2011,8.969
8/30/2011,8.7913
8/31/2011,8.1995
9/1/2011,8.21
9/2/2011,8.64
9/3/2011,8.48
9/4/2011,8.178
9/5/2011,7.611
9/6/2011,6.8628
9/7/2011,7.1864
9/8/2011,6.53
9/9/2011,5.03
9/10/2011,4.7739
9/11/2011,5.8644
9/12/2011,6.078
9/13/2011,5.8
9/14/2011,5.6193
9/15/2011,4.84
9/16/2011,4.82
9/17/2011,4.77
9/18/2011,5.2
9/19/2011,5.46
9/20/2011,6.1119
9/21/2011,5.6114
9/22/2011,5.4278
9/23/2011,5.5451
9/24/2011,5.4683
9/25/2011,5.33
9/26/2011,4.8697
9/27/2011,4.9156
9/28/2011,4.7725
9/29/2011,4.7794
9/30/2011,5.1401
10/1/2011,5.0324
10/2/2011,5.027
10/3/2011,5.024
10/4/2011,4.96
10/5/2011,4.87
10/6/2011,4.7344
10/7/2011,4.2728
10/8/2011,4.0075
10/9/2011,4.1029
10/10/2011,4.1
10/11/2011,3.9308
10/12/2011,4.15
10/13/2011,4.0462
10/14/2011,3.9879
10/15/2011,3.8421
10/16/2011,3.557
10/17/2011,2.56
10/18/2011,2.419
10/19/2011,2.27
10/20/2011,2.348
10/21/2011,2.57
10/22/2011,3.1588
10/23/2011,3.17
10/24/2011,2.545
10/25/2011,2.77
10/26/2011,2.773
10/27/2011,3.04
10/28/2011,3.19
10/29/2011,3.5811
10/30/2011,3.27
10/31/2011,3.248
11/1/2011,3.15
11/2/2011,3.2543
11/3/2011,3.152
11/4/2011,3.109
11/5/2011,2.97
11/6/2011,2.9596
11/7/2011,3.0068
11/8/2011,3.035
11/9/2011,2.95
11/10/2011,2.8399
11/11/2011,3.08
11/12/2011,3.031
11/13/2011,2.9969
11/14/2011,2.22
11/15/2011,2.329
11/16/2011,2.5604
11/17/2011,2.25
11/18/2011,2.05
11/19/2011,2.1959
11/20/2011,2.2
11/21/2011,2.294
11/22/2011,2.3289
11/23/2011,2.3321
11/24/2011,2.4321
11/25/2011,2.5061
11/26/2011,2.47
11/27/2011,2.4799
11/28/2011,2.55
11/29/2011,2.7502
11/30/2011,2.9701
12/1/2011,3.06
12/2/2011,3.1151
12/3/2011,2.794
12/4/2011,2.8281
12/5/2011,2.8798
12/6/2011,3.03
12/7/2011,2.99
12/8/2011,2.98
12/9/2011,2.97
12/10/2011,3.05
12/11/2011,3.2511
12/12/2011,3.135
12/13/2011,3.2499
12/14/2011,3.15
12/15/2011,3.2
12/16/2011,3.2
12/17/2011,3.2001
12/18/2011,3.193
12/19/2011,3.5202
12/20/2011,3.95
12/21/2011,3.89
12/22/2011,3.8901
12/23/2011,3.9468
12/24/2011,3.94
12/25/2011,4.225
12/26/2011,4.018
12/27/2011,4.07
12/28/2011,4.1855
12/29/2011,4.166
12/30/2011,4.248
12/31/2011,4.722
1/1/2012,5.2677
1/2/2012,5.2168
1/3/2012,4.8808
1/4/2012,5.5738
1/5/2012,6.9476
1/6/2012,6.6969
1/7/2012,6.81
1/8/2012,7.1136
1/9/2012,6.3257
1/10/2012,6.36
1/11/2012,6.9
1/12/2012,6.8
1/13/2012,6.41
1/14/2012,6.75
1/15/2012,7.0018
1/16/2012,6.6825
1/17/2012,5.6
1/18/2012,5.92
1/19/2012,6.3598
1/20/2012,6.4898
1/21/2012,6.18
1/22/2012,6.3097
1/23/2012,6.356
1/24/2012,6.2898
1/25/2012,5.75
1/26/2012,5.34
1/27/2012,5.292
1/28/2012,5.6267
1/29/2012,5.3809
1/30/2012,5.4905
1/31/2012,5.4838
2/1/2012,6.0756
2/2/2012,6.1
2/3/2012,5.9593
2/4/2012,5.8734
2/5/2012,5.6888
2/6/2012,5.4535
2/7/2012,5.69
2/8/2012,5.6
2/9/2012,5.83
2/10/2012,5.9126
2/11/2012,5.6005
2/12/2012,5.5147
2/13/2012,5.26
2/14/2012,4.4629
2/15/2012,4.3251
2/16/2012,4.2739
2/17/2012,4.41
2/18/2012,4.222
2/19/2012,4.3867
2/20/2012,4.3615
2/21/2012,4.272
2/22/2012,4.4247
2/23/2012,5.015
2/24/2012,5.0288
2/25/2012,4.773
2/26/2012,4.922
2/27/2012,4.956
2/28/2012,4.868
2/29/2012,4.86
3/1/2012,4.9213
3/2/2012,4.705
3/3/2012,4.6144
3/4/2012,4.82
3/5/2012,4.9843
3/6/2012,4.9901
3/7/2012,4.9375
3/8/2012,4.9302
3/9/2012,4.8611
3/10/2012,4.8332
3/11/2012,4.91
3/12/2012,4.8901
3/13/2012,5.27
3/14/2012,5.38
3/15/2012,5.3266
3/16/2012,5.3439
3/17/2012,5.2159
3/18/2012,5.2794
3/19/2012,4.6939
3/20/2012,4.8379
3/21/2012,4.8149
3/22/2012,4.7043
3/23/2012,4.686
3/24/2012,4.676
3/25/2012,4.55
3/26/2012,4.6191
3/27/2012,4.8113
3/28/2012,4.788
3/29/2012,4.8084
3/30/2012,4.86
3/31/2012,4.9087
4/1/2012,4.827
4/2/2012,4.974
4/3/2012,4.952
4/4/2012,4.9101
4/5/2012,4.919
4/6/2012,4.9499
4/7/2012,4.6872
4/8/2012,4.7925
4/9/2012,4.8719
4/10/2012,4.8367
4/11/2012,4.9279
4/12/2012,4.9197
4/13/2012,4.94
4/14/2012,4.9597
4/15/2012,4.9689
4/16/2012,4.932
4/17/2012,4.9759
4/18/2012,5.1178
4/19/2012,5.1377
4/20/2012,5.35
4/21/2012,5.2601
4/22/2012,5.2035
4/23/2012,4.96
4/24/2012,5.0982
4/25/2012,5.1318
4/26/2012,5.0976
4/27/2012,5.1095
4/28/2012,4.9794
4/29/2012,4.9044
4/30/2012,4.9491
5/1/2012,5
5/2/2012,5.0737
5/3/2012,5.1344
5/4/2012,5.067
5/5/2012,5.077
5/6/2012,5.0499
5/7/2012,5.06
5/8/2012,5.05
5/9/2012,5.0437
5/10/2012,4.85
5/11/2012,4.96
5/12/2012,4.9462
5/13/2012,4.93
5/14/2012,5.0059
5/15/2012,5.035
5/16/2012,5.0887
5/17/2012,5.0998
5/18/2012,5.118
5/19/2012,5.0995
5/20/2012,5.09
5/21/2012,5.0998
5/22/2012,5.0988
5/23/2012,5.1397
5/24/2012,5.119
5/25/2012,5.1455
5/26/2012,5.1032
5/27/2012,5.139
5/28/2012,5.1358
5/29/2012,5.15
5/30/2012,5.135
5/31/2012,5.1801
6/1/2012,5.2748
6/2/2012,5.249
6/3/2012,5.2051
6/4/2012,5.266
6/5/2012,5.44
6/6/2012,5.46
6/7/2012,5.591
6/8/2012,5.633
6/9/2012,5.56
6/10/2012,5.4683
6/11/2012,5.5747
6/12/2012,5.7
6/13/2012,5.929
6/14/2012,5.9541
6/15/2012,6.5
6/16/2012,6.4
6/17/2012,6.1638
6/18/2012,6.31
6/19/2012,6.4988
6/20/2012,6.67
6/21/2012,6.6801
6/22/2012,6.5478
6/23/2012,6.4285
6/24/2012,6.35
6/25/2012,6.3048
6/26/2012,6.4195
6/27/2012,6.647
6/28/2012,6.6059
6/29/2012,6.65
6/30/2012,6.69
7/1/2012,6.629
7/2/2012,6.76
7/3/2012,6.4499
7/4/2012,6.5101
7/5/2012,6.67
7/6/2012,6.6481
7/7/2012,6.7621
7/8/2012,6.799
7/9/2012,7.0215
7/10/2012,7.1999
7/11/2012,7.15
7/12/2012,7.7644
7/13/2012,7.6651
7/14/2012,7.5421
7/15/2012,7.621
7/16/2012,8.4996
7/17/2012,8.8
7/18/2012,9.1098
7/19/2012,8.87
7/20/2012,8.52
7/21/2012,8.8455
7/22/2012,8.4096
7/23/2012,8.4457
7/24/2012,8.6
7/25/2012,8.8
7/26/2012,8.9
7/27/2012,8.9
7/28/2012,8.8881
7/29/2012,8.7103
7/30/2012,9.098
7/31/2012,9.35
8/1/2012,9.5503
8/2/2012,10.53
8/3/2012,10.97
8/4/2012,10.984
8/5/2012,10.87
8/6/2012,10.8552
8/7/2012,11.1
8/8/2012,11.0553
8/9/2012,11.0611
8/10/2012,11.3864
8/11/2012,11.5102
8/12/2012,11.624
8/13/2012,12.0375
8/14/2012,12.19
8/15/2012,13.25
8/16/2012,13.5
8/17/2012,11.5836
8/18/2012,11.61
8/19/2012,8
8/20/2012,10.1
8/21/2012,9.915
8/22/2012,9.8068
8/23/2012,10.1
8/24/2012,10.6
8/25/2012,10.5239
8/26/2012,10.61
8/27/2012,10.95
8/28/2012,10.94
8/29/2012,10.9169
8/30/2012,10.777
8/31/2012,10.16
9/1/2012,9.9654
9/2/2012,10.2041
9/3/2012,10.53
9/4/2012,10.3847
9/5/2012,10.9997
9/6/2012,11.181
9/7/2012,11
9/8/2012,11.037
9/9/2012,11.02
9/10/2012,11.17
9/11/2012,11.3308
9/12/2012,11.3649
9/13/2012,11.399
9/14/2012,11.67
9/15/2012,11.75
9/16/2012,11.87
9/17/2012,11.89
9/18/2012,12.25
9/19/2012,12.5725
9/20/2012,12.2825
9/21/2012,12.368
9/22/2012,12.2378
9/23/2012,12.1933
9/24/2012,12.1
9/25/2012,12.197
9/26/2012,12.27
9/27/2012,12.3089
9/28/2012,12.391
9/29/2012,12.3631
9/30/2012,12.4
10/1/2012,12.4
10/2/2012,12.84
10/3/2012,12.89
10/4/2012,12.85
10/5/2012,12.688
10/6/2012,12.505
10/7/2012,11.8
10/8/2012,11.7781
10/9/2012,11.895
10/10/2012,12.12
10/11/2012,12.03
10/12/2012,12
10/13/2012,11.861
10/14/2012,11.7389
10/15/2012,11.8381
10/16/2012,11.8499
10/17/2012,11.81
10/18/2012,11.9398
10/19/2012,11.7401
10/20/2012,11.7399
10/21/2012,11.6311
10/22/2012,11.7101
10/23/2012,11.65
10/24/2012,11.65
10/25/2012,10.8616
10/26/2012,10.1706
10/27/2012,10.2605
10/28/2012,10.7
10/29/2012,10.6
10/30/2012,10.8875
10/31/2012,11.201
11/1/2012,10.57
11/2/2012,10.4688
11/3/2012,10.6425
11/4/2012,10.8001
11/5/2012,10.748
11/6/2012,10.899
11/7/2012,10.92
11/8/2012,10.925
11/9/2012,10.815
11/10/2012,10.89
11/11/2012,10.8687
11/12/2012,11.008
11/13/2012,10.9512
11/14/2012,10.95
11/15/2012,11.1977
11/16/2012,11.7489
11/17/2012,11.7889
11/18/2012,11.6515
11/19/2012,11.7999
11/20/2012,11.7328
11/21/2012,11.77
11/22/2012,12.4219
11/23/2012,12.345
11/24/2012,12.4115
11/25/2012,12.4821
11/26/2012,12.2455
11/27/2012,12.2
11/28/2012,12.3477
11/29/2012,12.45
11/30/2012,12.565
12/1/2012,12.562
12/2/2012,12.5
12/3/2012,12.679
12/4/2012,13.41
12/5/2012,13.38
12/6/2012,13.299
12/7/2012,13.4999
12/8/2012,13.4201
12/9/2012,13.388
12/10/2012,13.4334
12/11/2012,13.557
12/12/2012,13.6989
12/13/2012,13.7001
12/14/2012,13.6
12/15/2012,13.4901
12/16/2012,13.3
12/17/2012,13.2501
12/18/2012,13.299
12/19/2012,13.599
12/20/2012,13.5246
12/21/2012,13.5
12/22/2012,13.3714
12/23/2012,13.312
12/24/2012,13.38
12/25/2012,13.35
12/26/2012,13.4679
12/27/2012,13.4217
12/28/2012,13.4212
12/29/2012,13.4
12/30/2012,13.45
12/31/2012,13.51
1/1/2013,13.3041
1/2/2013,13.28
1/3/2013,13.3979
1/4/2013,13.5
1/5/2013,13.44
1/6/2013,13.454
1/7/2013,13.5876
1/8/2013,13.7428
1/9/2013,13.77
1/10/2013,14.14
1/11/2013,14.137
1/12/2013,14.237
1/13/2013,14.116
1/14/2013,14.3
1/15/2013,14.25
1/16/2013,14.73
1/17/2013,15.5
1/18/2013,15.705
1/19/2013,15.615
1/20/2013,15.7
1/21/2013,16.8
1/22/2013,17.2614
1/23/2013,17.5
1/24/2013,16.896
1/25/2013,17.4
1/26/2013,17.88
1/27/2013,17.8182
1/28/2013,18.721
1/29/2013,19.5254
1/30/2013,19.7
1/31/2013,20.41
2/1/2013,20.499
2/2/2013,19.63
2/3/2013,20.59
2/4/2013,20.4301
2/5/2013,20.6
2/6/2013,21.18
2/7/2013,22.15
2/8/2013,22.66
2/9/2013,23.65
2/10/2013,23.9698
2/11/2013,24.65
2/12/2013,25.1698
2/13/2013,24.2
2/14/2013,27.2205
2/15/2013,27.1
2/16/2013,27.2158
2/17/2013,26.8146
2/18/2013,26.95
2/19/2013,29.4176
2/20/2013,29.645
2/21/2013,29.7477
2/22/2013,30.2454
2/23/2013,29.8
2/24/2013,29.89
2/25/2013,30.4
2/26/2013,31.1
2/27/2013,30.9012
2/28/2013,33.38
3/1/2013,34.5
3/2/2013,34.25
3/3/2013,34.5
3/4/2013,36.152
3/5/2013,40.33
3/6/2013,41.0201
3/7/2013,42
3/8/2013,44.18
3/9/2013,46.85
3/10/2013,46
3/11/2013,48.4
3/12/2013,44.2899
3/13/2013,46.92
3/14/2013,47.1696
3/15/2013,46.95
3/16/2013,47.0002
3/17/2013,47.4
3/18/2013,51.6
3/19/2013,59.14
3/20/2013,64.4888
3/21/2013,70.85
3/22/2013,69.865
3/23/2013,64.35
3/24/2013,71.5
3/25/2013,73.6
3/26/2013,78.5
3/27/2013,88.92
3/28/2013,86.18
3/29/2013,90.5
3/30/2013,92.19
3/31/2013,93.03
4/1/2013,104
4/2/2013,117.98
4/3/2013,135
4/4/2013,132.12
4/5/2013,142.3236
4/6/2013,142.6311
4/7/2013,162.301
4/8/2013,187.5
4/9/2013,230
4/10/2013,165
4/11/2013,124.9
4/12/2013,117
4/13/2013,93
4/14/2013,90
4/15/2013,82.386
4/16/2013,68.3557
4/17/2013,93.07
4/18/2013,109.01
4/19/2013,118.48
4/20/2013,126.6155
4/21/2013,119.2
4/22/2013,127.4
4/23/2013,143.475
4/24/2013,154.2
4/25/2013,141.71
4/26/2013,136.9
4/27/2013,128.0001
4/28/2013,134.4444
4/29/2013,143.9999
4/30/2013,139.2269
5/1/2013,116.38
5/2/2013,106.25
5/3/2013,98.1
5/4/2013,112.9
5/5/2013,115.98
5/6/2013,112.25
5/7/2013,109.6001
5/8/2013,113.2
5/9/2013,112.799
5/10/2013,117.7
5/11/2013,115.64
5/12/2013,114.82
5/13/2013,117.9797
5/14/2013,111.4
5/15/2013,114.22
5/16/2013,118.21
5/17/2013,123.5
5/18/2013,123.211
5/19/2013,122.5
5/20/2013,122.02
5/21/2013,122.89
5/22/2013,123.8
5/23/2013,126.3
5/24/2013,133.1
5/25/2013,131.986
5/26/2013,133.5
5/27/2013,129.77
5/28/2013,129
5/29/2013,132.25
5/30/2013,128.799
5/31/2013,128.8151
6/1/2013,129.3
6/2/2013,122.5
6/3/2013,120.7372
6/4/2013,121.4
6/5/2013,121.9
6/6/2013,118.9699
6/7/2013,111
6/8/2013,107.8924
6/9/2013,100.4374
6/10/2013,106.35
6/11/2013,109
6/12/2013,108.7759
6/13/2013,103.949
6/14/2013,100
6/15/2013,99.8
6/16/2013,99.9
6/17/2013,101.95
6/18/2013,107.35
6/19/2013,108.251
6/20/2013,111.29
6/21/2013,109.5
6/22/2013,108.2
6/23/2013,107.9
6/24/2013,102.09
6/25/2013,103.3293
6/26/2013,104
6/27/2013,101.7368
6/28/2013,94.66
6/29/2013,94.999
6/30/2013,97.51
7/1/2013,84.6069
7/2/2013,87.6562
7/3/2013,76.8901
7/4/2013,77.685
7/5/2013,66.34
7/6/2013,66.855
7/7/2013,72.5053
7/8/2013,74.56
7/9/2013,74.225
7/10/2013,84.515
7/11/2013,91.22
7/12/2013,88.465
7/13/2013,91.3888
7/14/2013,90.3713
7/15/2013,93.14
7/16/2013,92.7415
7/17/2013,90.5425
7/18/2013,85.4298
7/19/2013,85.7775
7/20/2013,85.6675
7/21/2013,85.4725
7/22/2013,86.0862
7/23/2013,86.9389
7/24/2013,87.4575
7/25/2013,89.41
7/26/2013,90.6325
7/27/2013,89.0975
7/28/2013,92.1
7/29/2013,93.2981
7/30/2013,96.31
7/31/2013,97.915
8/1/2013,96.4175
8/2/2013,97.24
8/3/2013,96.66
8/4/2013,96.6
8/5/2013,96.92
8/6/2013,97.1331
8/7/2013,96.92
8/8/2013,94.775
8/9/2013,93.36
8/10/2013,93.2875
8/11/2013,94.1625
8/12/2013,95.085
8/13/2013,97.9021
8/14/2013,97.96
8/15/2013,97.545
8/16/2013,98.33
8/17/2013,99.565
8/18/2013,98.845
8/19/2013,102.2997
8/20/2013,105.0125
8/21/2013,111.445
8/22/2013,109.73
8/23/2013,107.5475
8/24/2013,108.6875
8/25/2013,111.795
8/26/2013,112.23
8/27/2013,117.4461
8/28/2013,117.59
8/29/2013,117.5227
8/30/2013,123.2332
8/31/2013,129.46
9/1/2013,128.2597
9/2/2013,127.3648
9/3/2013,127.5915
9/4/2013,120.5738
9/5/2013,120.5333
9/6/2013,116.321
9/7/2013,119.0547
9/8/2013,116.595
9/9/2013,120.0188
9/10/2013,121.458
9/11/2013,125.4518
9/12/2013,125.7598
9/13/2013,126.5072
9/14/2013,124.0813
9/15/2013,124.5783
9/16/2013,125.0618
9/17/2013,125.9683
9/18/2013,126.3045
9/19/2013,124.1937
9/20/2013,122.9008
9/21/2013,122.6435
9/22/2013,122.651
9/23/2013,122.2235
9/24/2013,122.5383
9/25/2013,123.423
9/26/2013,123.4763
9/27/2013,123.4983
9/28/2013,124.7483
9/29/2013,125.1807
9/30/2013,123.0983
10/1/2013,125.4938
10/2/2013,99.8135
10/3/2013,116.8168
10/4/2013,121.2945
10/5/2013,121.1398
10/6/2013,121.6828
10/7/2013,123.245
10/8/2013,124.3182
10/9/2013,125.8423
10/10/2013,125.6982
10/11/2013,125.5117
10/12/2013,126.5232
10/13/2013,130.4155
10/14/2013,133.0355
10/15/2013,138.6417
10/16/2013,137.4188
10/17/2013,142.735
10/18/2013,149.5947
10/19/2013,159.8115
10/20/2013,163.0632
10/21/2013,174.1772
10/22/2013,183.8648
10/23/2013,200.62
10/24/2013,183.1482
10/25/2013,178.1217
10/26/2013,175.9008
10/27/2013,185.6888
10/28/2013,187.8683
10/29/2013,198.1932
10/30/2013,194.5493
10/31/2013,198.2263
11/1/2013,198.5098
11/2/2013,200.8473
11/3/2013,207.6335
11/4/2013,225.196
11/5/2013,239.29
11/6/2013,253.6933
11/7/2013,283.3023
11/8/2013,323.767
11/9/2013,336.1358
11/10/2013,311.9005
11/11/2013,332.6263
11/12/2013,349.3425
11/13/2013,393.2795
11/14/2013,410.723
11/15/2013,409.1675
11/16/2013,428.8238
11/17/2013,476.295
11/18/2013,674.3768
11/19/2013,541.8257
11/20/2013,572.6675
11/21/2013,695.8668
11/22/2013,747.4818
11/23/2013,776.6998
11/24/2013,751.377
11/25/2013,778.6753
11/26/2013,899.2
11/27/2013,948.4088
11/28/2013,1037.755
11/29/2013,1120.397
11/30/2013,1124.763
12/1/2013,946.9237
12/2/2013,1038.348
12/3/2013,1068.667
12/4/2013,1147.245
12/5/2013,1042.026
12/6/2013,834.0262
12/7/2013,694.4709
12/8/2013,795.3968
12/9/2013,898.0222
12/10/2013,989.9975
12/11/2013,883.2617
12/12/2013,875.7474
12/13/2013,898.2112
12/14/2013,867.495
12/15/2013,879.4692
12/16/2013,712.508
12/17/2013,683.8408
12/18/2013,522.2288
12/19/2013,698.4503
12/20/2013,622.8418
12/21/2013,608.9638
12/22/2013,617.8158
12/23/2013,673.1677
12/24/2013,667.6203
12/25/2013,687.3557
12/26/2013,765.2067
12/27/2013,746.7232
12/28/2013,730.4715
12/29/2013,745.0712
12/30/2013,754.7645
12/31/2013,757.4953
1/1/2014,770.4357
1/2/2014,808.0485
1/3/2014,830.024
1/4/2014,858.9833
1/5/2014,940.0972
1/6/2014,951.3865
1/7/2014,810.5833
1/8/2014,859.9485
1/9/2014,860.895
1/10/2014,884.6667
1/11/2014,930.905
1/12/2014,873.2635
1/13/2014,857.9564
1/14/2014,851.828
1/15/2014,874.713
1/16/2014,847.3735
1/17/2014,828.222
1/18/2014,843.7583
1/19/2014,878.6807
1/20/2014,871.0483
1/21/2014,874.2885
1/22/2014,863.95
1/23/2014,854.3475
1/24/2014,825.1221
1/25/2014,861.8516
1/26/2014,880.1523
1/27/2014,814.5302
1/28/2014,833.9395
1/29/2014,837.5148
1/30/2014,845.8467
1/31/2014,848.2875
2/1/2014,853.0164
2/2/2014,854.375
2/3/2014,846.9048
2/4/2014,842.0123
2/5/2014,820.867
2/6/2014,783.6211
2/7/2014,703.567
2/8/2014,676.9094
2/9/2014,681.9371
2/10/2014,679.7338
2/11/2014,669.4418
2/12/2014,648.3835
2/13/2014,598.4075
2/14/2014,656.6068
2/15/2014,645.43
2/16/2014,610.6525
2/17/2014,621.494
2/18/2014,621.2235
2/19/2014,617.71
2/20/2014,552.2138
2/21/2014,569.0425
2/22/2014,604.7473
2/23/2014,604.5823
2/24/2014,545.3225
2/25/2014,534.7108
2/26/2014,577.0858
2/27/2014,576.698
2/28/2014,543.9265
3/1/2014,563.7358
3/2/2014,560.3045
3/3/2014,661.1225
3/4/2014,663.598
3/5/2014,661.7858
3/6/2014,658.7245
3/7/2014,625.8278
3/8/2014,615.24
3/9/2014,633.1825
3/10/2014,625.8285
3/11/2014,628.9543
3/12/2014,631.3913
3/13/2014,638.165
3/14/2014,626.7067
3/15/2014,633.6652
3/16/2014,630.7167
3/17/2014,621.2225
3/18/2014,613.6315
3/19/2014,608.8157
3/20/2014,586.5898
3/21/2014,570.7705
3/22/2014,564.4215
3/23/2014,561.3534
3/24/2014,586.2718
3/25/2014,582.2802
3/26/2014,579.0722
3/27/2014,478.1595
3/28/2014,502.4399
3/29/2014,493.1803
3/30/2014,461.8695
3/31/2014,458.4972
4/1/2014,478.7163
4/2/2014,437.515
4/3/2014,447.0822
4/4/2014,448.8792
4/5/2014,464.8259
4/6/2014,460.7028
4/7/2014,446.2195
4/8/2014,450.4638
4/9/2014,440.1983
4/10/2014,360.8407
4/11/2014,420.0563
4/12/2014,420.66
4/13/2014,414.9495
4/14/2014,457.6338
4/15/2014,520.1233
4/16/2014,529.1625
4/17/2014,494.4
4/18/2014,478.2312
4/19/2014,501.5515
4/20/2014,497.3177
4/21/2014,493.0921
4/22/2014,484.429
4/23/2014,486.9317
4/24/2014,500.2568
4/25/2014,459.6104
4/26/2014,456.1395
4/27/2014,429.6537
4/28/2014,437.0587
4/29/2014,444.2533
4/30/2014,445.8655
5/1/2014,456.2673
5/2/2014,446.6438
5/3/2014,436.9381
5/4/2014,434.0643
5/5/2014,429.7242
5/6/2014,426.992
5/7/2014,436.9605
5/8/2014,435.343
5/9/2014,448.235
5/10/2014,452.7108
5/11/2014,436.542
5/12/2014,438.4278
5/13/2014,437.413
5/14/2014,441.7498
5/15/2014,444.3162
5/16/2014,445.0133
5/17/2014,446.3583
5/18/2014,444.809
5/19/2014,444.3128
5/20/2014,485.8305
5/21/2014,489.1625
5/22/2014,526.0577
5/23/2014,519.0392
5/24/2014,525.6332
5/25/2014,570.095
5/26/2014,581.8267
5/27/2014,569.6332
5/28/2014,574.4547
5/29/2014,565.5058
5/30/2014,616.47
5/31/2014,623.2567
6/1/2014,629.0242
6/2/2014,658.786
6/3/2014,665.73
6/4/2014,636.7837
6/5/2014,656.0598
6/6/2014,645.5647
6/7/2014,652.7083
6/8/2014,653.6402
6/9/2014,645.341
6/10/2014,649.8068
6/11/2014,627.9098
6/12/2014,581.8033
6/13/2014,597.4267
6/14/2014,571.6902
6/15/2014,591.9718
6/16/2014,588.06
6/17/2014,607.3427
6/18/2014,604.8752
6/19/2014,592.2648
6/20/2014,588.5215
6/21/2014,591.0298
6/22/2014,598.8765
6/23/2014,587.4598
6/24/2014,575.0667
6/25/2014,562.1263
6/26/2014,579.3842
6/27/2014,600.8645
6/28/2014,591.994
6/29/2014,598.6032
6/30/2014,639.3623
7/1/2014,635.5905
7/2/2014,647.34
7/3/2014,640.6879
7/4/2014,626.9575
7/5/2014,628.3313
7/6/2014,631.7065
7/7/2014,617.9918
7/8/2014,620.2193
7/9/2014,620.5496
7/10/2014,615.1129
7/11/2014,631.1804
7/12/2014,634.4775
7/13/2014,627.5759
7/14/2014,618.3798
7/15/2014,619.3558
7/16/2014,615.2039
7/17/2014,622.6234
7/18/2014,628.2156
7/19/2014,625.8011
7/20/2014,621.3725
7/21/2014,620.0103
7/22/2014,618.8076
7/23/2014,617.9274
7/24/2014,600.0065
7/25/2014,599.928
7/26/2014,593.8526
7/27/2014,590.9454
7/28/2014,584.6931
7/29/2014,582.2034
7/30/2014,564.37
7/31/2014,581.3501
8/1/2014,595.0845
8/2/2014,587.2878
8/3/2014,585.5078
8/4/2014,586.7639
8/5/2014,583.1125
8/6/2014,583.0355
8/7/2014,587.3971
8/8/2014,590.5324
8/9/2014,588.095
8/10/2014,589.45
8/11/2014,573.3066
8/12/2014,568.2099
8/13/2014,544.5681
8/14/2014,508.5536
8/15/2014,496.6164
8/16/2014,519.8314
8/17/2014,492.9513
8/18/2014,460.6719
8/19/2014,486.736
8/20/2014,511.9259
8/21/2014,516.1605
8/22/2014,513.9419
8/23/2014,497.2185
8/24/2014,508.5735
8/25/2014,501.6296
8/26/2014,513.4704
8/27/2014,510.43
8/28/2014,507.0154
8/29/2014,508.4224
8/30/2014,501.2031
8/31/2014,478.0734
9/1/2014,474.1346
9/2/2014,475.3181
9/3/2014,474.537
9/4/2014,489.0865
9/5/2014,480.501
9/6/2014,482.2371
9/7/2014,479.4833
9/8/2014,472.1479
9/9/2014,471.5576
9/10/2014,477.5273
9/11/2014,476.3349
9/12/2014,473.8254
9/13/2014,477.0861
9/14/2014,474.715
9/15/2014,471.3586
9/16/2014,463.7388
9/17/2014,454.9143
9/18/2014,421.4594
9/19/2014,391.9439
9/20/2014,406.8248
9/21/2014,396.567
9/22/2014,398.8854
9/23/2014,435.3779
9/24/2014,422.2984
9/25/2014,408.7985
9/26/2014,401.9203
9/27/2014,398.3571
9/28/2014,376.1983
9/29/2014,374.7344
9/30/2014,386.2687
10/1/2014,381.3324
10/2/2014,371.9859
10/3/2014,356.5566
10/4/2014,325.4921
10/5/2014,319.6406
10/6/2014,328.4594
10/7/2014,334.0911
10/8/2014,352.7889
10/9/2014,363.7751
10/10/2014,358.6859
10/11/2014,359.2029
10/12/2014,376.1891
10/13/2014,388.377
10/14/2014,398.7068
10/15/2014,391.8433
10/16/2014,380.0801
10/17/2014,380.4216
10/18/2014,388.9618
10/19/2014,386.5889
10/20/2014,379.3713
10/21/2014,382.377
10/22/2014,379.0963
10/23/2014,355.8614
10/24/2014,355.1695
10/25/2014,346.1126
10/26/2014,351.5414
10/27/2014,348.9613
10/28/2014,351.8971
10/29/2014,333.3788
10/30/2014,343.7828
10/31/2014,336.7995
11/1/2014,325.3865
11/2/2014,323.7426
11/3/2014,324.2303
11/4/2014,328.2833
11/5/2014,337.139
11/6/2014,348.235
11/7/2014,341.0795
11/8/2014,344.034
11/9/2014,363.3062
11/10/2014,365.2897
11/11/2014,366.9933
11/12/2014,427.2403
11/13/2014,417.1528
11/14/2014,398.4273
11/15/2014,375.1288
11/16/2014,388.5542
11/17/2014,385.8593
11/18/2014,372.377
11/19/2014,377.2368
11/20/2014,356.1388
11/21/2014,348.8617
11/22/2014,352.0417
11/23/2014,366.7687
11/24/2014,375.2355
11/25/2014,375.7174
11/26/2014,368.5104
11/27/2014,369.1426
11/28/2014,375.8489
11/29/2014,375.2228
11/30/2014,377.0901
12/1/2014,378.6444
12/2/2014,381.5364
12/3/2014,374.9728
12/4/2014,369.155
12/5/2014,376.0361
12/6/2014,374.0196
12/7/2014,374.2558
12/8/2014,360.9419
12/9/2014,351.2694
12/10/2014,344.6171
12/11/2014,347.1331
12/12/2014,350.9412
12/13/2014,347.4713
12/14/2014,351.1439
12/15/2014,345.0961
12/16/2014,326.0815
12/17/2014,319.1713
12/18/2014,310.7458
12/19/2014,317.006
12/20/2014,329.5742
12/21/2014,319.2411
12/22/2014,330.6709
12/23/2014,334.0467
12/24/2014,321.8843
12/25/2014,318.6118
12/26/2014,327.1582
12/27/2014,315.167
12/28/2014,316.7959
12/29/2014,312.4412
12/30/2014,309.8708
12/31/2014,319.6958
1/1/2015,313.9247
1/2/2015,314.5916
1/3/2015,279.8507
1/4/2015,263.6343
1/5/2015,272.9486
1/6/2015,285.5759
1/7/2015,294.8778
1/8/2015,283.2513
1/9/2015,288.8441
1/10/2015,274.0668
1/11/2015,265.3692
1/12/2015,267.0873
1/13/2015,226.9823
1/14/2015,177.2795
1/15/2015,210.4636
1/16/2015,207.2243
1/17/2015,199.625
1/18/2015,209.932
1/19/2015,213.9783
1/20/2015,210.4817
1/21/2015,225.9816
1/22/2015,232.6616
1/23/2015,232.9673
1/24/2015,247.9855
1/25/2015,254.5073
1/26/2015,271.9491
1/27/2015,262.0605
1/28/2015,233.2087
1/29/2015,232.4048
1/30/2015,226.5033
1/31/2015,216.9137
2/1/2015,226.3959
2/2/2015,237.5409
2/3/2015,226.9566
2/4/2015,226.7291
2/5/2015,216.7714
2/6/2015,222.4823
2/7/2015,227.3275
2/8/2015,222.8677
2/9/2015,220.1743
2/10/2015,220.0829
2/11/2015,219.4922
2/12/2015,221.8513
2/13/2015,235.7869
2/14/2015,257.4741
2/15/2015,234.3292
2/16/2015,233.5618
2/17/2015,243.5983
2/18/2015,236.2137
2/19/2015,239.835
2/20/2015,243.7756
2/21/2015,244.2557
2/22/2015,235.5299
2/23/2015,238.0845
2/24/2015,238.7601
2/25/2015,237.2513
2/26/2015,236.0951
2/27/2015,252.5111
2/28/2015,253.5283
3/1/2015,258.7425
3/2/2015,271.3525
3/3/2015,281.4497
3/4/2015,271.9222
3/5/2015,274.865
3/6/2015,272.2111
3/7/2015,275.8898
3/8/2015,274.4754
3/9/2015,288.5161
3/10/2015,290.512
3/11/2015,295.8301
3/12/2015,293.8671
3/13/2015,284.2838
3/14/2015,281.3615
3/15/2015,285.3415
3/16/2015,290.3763
3/17/2015,284.4553
3/18/2015,255.3662
3/19/2015,259.7404
3/20/2015,260.838
3/21/2015,259.6162
3/22/2015,267.7968
3/23/2015,265.9432
3/24/2015,245.4422
3/25/2015,246.1339
3/26/2015,247.648
3/27/2015,246.5814
3/28/2015,252.252
3/29/2015,242.0165
3/30/2015,246.852
3/31/2015,243.3894
4/1/2015,246.5548
4/2/2015,252.2566
4/3/2015,253.5439
4/4/2015,253.1206
4/5/2015,259.9451
4/6/2015,254.5187
4/7/2015,252.7965
4/8/2015,244.3604
4/9/2015,243.2604
4/10/2015,235.2201
4/11/2015,236.117
4/12/2015,235.6352
4/13/2015,223.4056
4/14/2015,218.2741
4/15/2015,223.5659
4/16/2015,228.107
4/17/2015,222.2325
4/18/2015,222.843
4/19/2015,221.6913
4/20/2015,224.3076
4/21/2015,235.815
4/22/2015,233.923
4/23/2015,235.5616
4/24/2015,230.786
4/25/2015,225.8529
4/26/2015,218.815
4/27/2015,228.4994
4/28/2015,225.6763
4/29/2015,225.9764
4/30/2015,236.5704
5/1/2015,232.1241
5/2/2015,234.9045
5/3/2015,240.1203
5/4/2015,238.7688
5/5/2015,236.5532
5/6/2015,230.0478
5/7/2015,237.7829
5/8/2015,243.3946
5/9/2015,240.4825
5/10/2015,239.6312
5/11/2015,241.8539
5/12/2015,240.99
5/13/2015,235.7981
5/14/2015,236.739
5/15/2015,237.3101
5/16/2015,235.7265
5/17/2015,236.0996
5/18/2015,232.8655
5/19/2015,231.9434
5/20/2015,234.2455
5/21/2015,235.3048
5/22/2015,240.519
5/23/2015,239.0331
5/24/2015,241.1864
5/25/2015,237.4879
5/26/2015,237.3271
5/27/2015,237.1847
5/28/2015,237.4716
5/29/2015,237.1049
5/30/2015,233.2939
5/31/2015,229.9992
6/1/2015,223.3086
6/2/2015,225.7461
6/3/2015,225.6452
6/4/2015,224.371
6/5/2015,225.0357
6/6/2015,225.6791
6/7/2015,223.3896
6/8/2015,228.6452
6/9/2015,229.3327
6/10/2015,228.9521
6/11/2015,230.0189
6/12/2015,230.2041
6/13/2015,232.7533
6/14/2015,233.8536
6/15/2015,237.3096
6/16/2015,250.8977
6/17/2015,249.1681
6/18/2015,248.8732
6/19/2015,243.547
6/20/2015,245.2612
6/21/2015,244.01
6/22/2015,246.77
6/23/2015,243.9862
6/24/2015,240.2155
6/25/2015,242.422
6/26/2015,242.6424
6/27/2015,250.7066
6/28/2015,248.0673
6/29/2015,256.4875
6/30/2015,262.4843
7/1/2015,257.6604
7/2/2015,254.3505
7/3/2015,255.5961
7/4/2015,260.3488
7/5/2015,271.0153
7/6/2015,268.4935
7/7/2015,264.9566
7/8/2015,269.6459
7/9/2015,268.1134
7/10/2015,283.881
7/11/2015,291.6873
7/12/2015,309.9778
7/13/2015,290.8811
7/14/2015,286.1856
7/15/2015,283.8231
7/16/2015,277.8273
7/17/2015,278.4883
7/18/2015,274.4938
7/19/2015,272.4889
7/20/2015,278.4139
7/21/2015,275.0995
7/22/2015,276.6174
7/23/2015,275.6266
7/24/2015,287.9738
7/25/2015,288.1343
7/26/2015,291.6372
7/27/2015,292.7306
7/28/2015,293.7851
7/29/2015,288.7681
7/30/2015,287.2898
7/31/2015,283.9417
8/1/2015,280.0371
8/2/2015,281.65
8/3/2015,280.4796
8/4/2015,284.5033
8/5/2015,281.3783
8/6/2015,278.2516
8/7/2015,279.0303
8/8/2015,260.2
8/9/2015,264.4388
8/10/2015,263.7615
8/11/2015,270.9167
8/12/2015,265.6418
8/13/2015,263.3371
8/14/2015,264.8686
8/15/2015,260.7343
8/16/2015,257.6735
8/17/2015,256.984
8/18/2015,219.0045
8/19/2015,225.3944
8/20/2015,234.6873
8/21/2015,231.9406
8/22/2015,229.7444
8/23/2015,227.589
8/24/2015,209.1322
8/25/2015,221.7118
8/26/2015,225.3798
8/27/2015,224.261
8/28/2015,230.9825
8/29/2015,229.7562
8/30/2015,228.6088
8/31/2015,230.0173
9/1/2015,227.3469
9/2/2015,228.8551
9/3/2015,226.765
9/4/2015,230.0851
9/5/2015,234.6771
9/6/2015,239.4383
9/7/2015,240.0202
9/8/2015,243.5473
9/9/2015,238.2916
9/10/2015,238.5896
9/11/2015,240.0838
9/12/2015,234.8185
9/13/2015,230.328
9/14/2015,230.2406
9/15/2015,229.9241
9/16/2015,228.7976
9/17/2015,232.7924
9/18/2015,232.7167
9/19/2015,231.2382
9/20/2015,230.8605
9/21/2015,226.6056
9/22/2015,230.5237
9/23/2015,229.9556
9/24/2015,234.2833
9/25/2015,234.8379
9/26/2015,234.2083
9/27/2015,232.8486
9/28/2015,239.3428
9/29/2015,236.6214
9/30/2015,236.2455
10/1/2015,237.5698
10/2/2015,237.4021
10/3/2015,239.0891
10/4/2015,238.6874
10/5/2015,240.5872
10/6/2015,246.4218
10/7/2015,243.2664
10/8/2015,242.6905
10/9/2015,244.3213
10/10/2015,245.3313
10/11/2015,247.5253
10/12/2015,245.5856
10/13/2015,249.9352
10/14/2015,252.5949
10/15/2015,254.8133
10/16/2015,262.9353
10/17/2015,271.2039
10/18/2015,262.9003
10/19/2015,264.4158
10/20/2015,270.2188
10/21/2015,267.3272
10/22/2015,274.4108
10/23/2015,277.4554
10/24/2015,282.6605
10/25/2015,283.0717
10/26/2015,286.1325
10/27/2015,294.3998
10/28/2015,303.8866
10/29/2015,313.5861
10/30/2015,326.0045
10/31/2015,312.4321
11/1/2015,325.082
11/2/2015,359.3523
11/3/2015,400.7063
11/4/2015,408.7414
11/5/2015,387.51
11/6/2015,374.95
11/7/2015,384.8
11/8/2015,373.487
11/9/2015,380.043
11/10/2015,337.932
11/11/2015,312.578
11/12/2015,336.856
11/13/2015,337.292
11/14/2015,333.553
11/15/2015,319.9283
11/16/2015,331.59
11/17/2015,335.77
11/18/2015,334.973
11/19/2015,326.315
11/20/2015,321.988
11/21/2015,327.174
11/22/2015,324.344
11/23/2015,323.257
11/24/2015,320.161
11/25/2015,328.983
11/26/2015,353.304
11/27/2015,358.185
11/28/2015,357.663
11/29/2015,371.864
11/30/2015,376.907
12/1/2015,362.729
12/2/2015,359.43
12/3/2015,361.308
12/4/2015,363.4825
12/5/2015,388.861
12/6/2015,388.458
12/7/2015,395.865
12/8/2015,418.136
12/9/2015,418.036
12/10/2015,415.252
12/11/2015,453.9
12/12/2015,435.897
12/13/2015,433.537
12/14/2015,443.839
12/15/2015,465.502
12/16/2015,455.375
12/17/2015,455.987
12/18/2015,463.844
12/19/2015,462.226
12/20/2015,442.496
12/21/2015,437.761
12/22/2015,435.5
12/23/2015,442.839
12/24/2015,454.848
12/25/2015,455.312
12/26/2015,417.216
12/27/2015,422.523
12/28/2015,421.265
12/29/2015,432.618
12/30/2015,426.145
12/31/2015,430.05
1/1/2016,434.463
1/2/2016,433.586
1/3/2016,430.361
1/4/2016,433.493
1/5/2016,432.253
1/6/2016,429.464
1/7/2016,458.28
1/8/2016,453.37
1/9/2016,449.143
1/10/2016,448.964
1/11/2016,448.385
1/12/2016,432.884
1/13/2016,432.04
1/14/2016,429.729
1/15/2016,358.766
1/16/2016,387.665
1/17/2016,380.208
1/18/2016,385.844
1/19/2016,377.745
1/20/2016,418.742
1/21/2016,409.945
1/22/2016,381.761
1/23/2016,386.191
1/24/2016,402.61
1/25/2016,390.663
1/26/2016,391.43
1/27/2016,394.629
1/28/2016,379.384
1/29/2016,378.2
1/30/2016,376.937
1/31/2016,367.135
2/1/2016,371.248
2/2/2016,372.877
2/3/2016,368.933
2/4/2016,388.612
2/5/2016,385.338
2/6/2016,375.405
2/7/2016,375.284
2/8/2016,371.101
2/9/2016,373.321
2/10/2016,379.96
2/11/2016,377.72
2/12/2016,383.126
2/13/2016,392.182
2/14/2016,406.738
2/15/2016,399.485
2/16/2016,407.361
2/17/2016,415.561
2/18/2016,421.637
2/19/2016,420.334
2/20/2016,436.517
2/21/2016,438.985
2/22/2016,438.072
2/23/2016,419.981
2/24/2016,424.362
2/25/2016,423.517
2/26/2016,432.064
2/27/2016,432.138
2/28/2016,432.64
2/29/2016,436.608
3/1/2016,433.637
3/2/2016,421.598
3/3/2016,419.466
3/4/2016,407.982
3/5/2016,397.833
3/6/2016,404.55
3/7/2016,412.982
3/8/2016,411.758
3/9/2016,412.618
3/10/2016,416.16
3/11/2016,419.887
3/12/2016,410.132
3/13/2016,412.291
3/14/2016,415.091
3/15/2016,415.383
3/16/2016,416.253
3/17/2016,418.452
3/18/2016,408.036
3/19/2016,408.52
3/20/2016,410.751
3/21/2016,411.423
3/22/2016,416.926
3/23/2016,417.386
3/24/2016,414.341
3/25/2016,415.687
3/26/2016,416.73
3/27/2016,425.378
3/28/2016,422.756
3/29/2016,415.553
3/30/2016,412.69
3/31/2016,415.161
4/1/2016,417.009
4/2/2016,419.686
4/3/2016,419.385
4/4/2016,419.416
4/5/2016,422.653
4/6/2016,421.7
4/7/2016,421.204
4/8/2016,418.089
4/9/2016,418.419
4/10/2016,421.111
4/11/2016,422.99
4/12/2016,425.99
4/13/2016,424.401
4/14/2016,425.106
4/15/2016,429.98
4/16/2016,430.837
4/17/2016,427.862
4/18/2016,429.054
4/19/2016,436.105
4/20/2016,442.156
4/21/2016,451.102
4/22/2016,447.636
4/23/2016,452.584
4/24/2016,460.327
4/25/2016,462.51
4/26/2016,467.803
4/27/2016,445.012
4/28/2016,449.856
4/29/2016,456.35
4/30/2016,449.333
5/1/2016,453.042
5/2/2016,444.513
5/3/2016,450.274
5/4/2016,446.962
5/5/2016,448.527
5/6/2016,460.374
5/7/2016,459.465
5/8/2016,459.437
5/9/2016,461.491
5/10/2016,450.987
5/11/2016,452.113
5/12/2016,454.818
5/13/2016,455.735
5/14/2016,455.753
5/15/2016,457.848
5/16/2016,453.41
5/17/2016,452.746
5/18/2016,453.378
5/19/2016,436.729
5/20/2016,442.953
5/21/2016,443.135
5/22/2016,438.773
5/23/2016,443.734
5/24/2016,445.13
5/25/2016,449.234
5/26/2016,453.819
5/27/2016,473.467
5/28/2016,525.433
5/29/2016,524.083
5/30/2016,532.586
5/31/2016,531.797
6/1/2016,536.424
6/2/2016,538.145
6/3/2016,570.471
6/4/2016,573.45
6/5/2016,574.106
6/6/2016,585.531
6/7/2016,577.856
6/8/2016,583.105
6/9/2016,576.454
6/10/2016,579.131
6/11/2016,611.777
6/12/2016,675.343
6/13/2016,705.619
6/14/2016,685.989
6/15/2016,696.323
6/16/2016,768.242
6/17/2016,747.554
6/18/2016,755.684
6/19/2016,764.045
6/20/2016,727.949
6/21/2016,665.876
6/22/2016,602.887
6/23/2016,625.495
6/24/2016,665.162
6/25/2016,665.329
6/26/2016,630.246
6/27/2016,658.399
6/28/2016,646.304
6/29/2016,639.082
6/30/2016,672.485
7/1/2016,676.523
7/2/2016,703.686
7/3/2016,659.688
7/4/2016,681.63
7/5/2016,668.092
7/6/2016,676.113
7/7/2016,639.761
7/8/2016,664.743
7/9/2016,650.627
7/10/2016,649.962
7/11/2016,649.027
7/12/2016,664.839
7/13/2016,653.934
7/14/2016,659.636
7/15/2016,664.876
7/16/2016,663.541
7/17/2016,679.051
7/18/2016,673.594
7/19/2016,673.843
7/20/2016,666.18
7/21/2016,665.099
7/22/2016,650.822
7/23/2016,654.862
7/24/2016,661.05
7/25/2016,655.135
7/26/2016,651.077
7/27/2016,655.442
7/28/2016,655.627
7/29/2016,656.669
7/30/2016,654.976
7/31/2016,625.881
8/1/2016,607.374
8/2/2016,552.821
8/3/2016,565.2638
8/4/2016,578.3213
8/5/2016,574.9563
8/6/2016,588.4225
8/7/2016,592.78
8/8/2016,590.6225
8/9/2016,584.7588
8/10/2016,592.8925
8/11/2016,586.525
8/12/2016,586.0263
8/13/2016,585.0813
8/14/2016,571.4438
8/15/2016,567.2025
8/16/2016,576.2488
8/17/2016,571.745
8/18/2016,572.5025
8/19/2016,573.6638
8/20/2016,580.7025
8/21/2016,580.69
8/22/2016,584.7325
8/23/2016,581.2813
8/24/2016,577.995
8/25/2016,575.7338
8/26/2016,578.1563
8/27/2016,568.6663
8/28/2016,573.555
8/29/2016,572.3613
8/30/2016,575.9988
8/31/2016,572.3338
9/1/2016,571.6938
9/2/2016,574.1475
9/3/2016,598.3838
9/4/2016,608.9175
9/5/2016,606.0275
9/6/2016,611.07
9/7/2016,614.7875
9/8/2016,624.9488
9/9/2016,621.7963
9/10/2016,622.2125
9/11/2016,605.8088
9/12/2016,606.3075
9/13/2016,606.9213
9/14/2016,608.22
9/15/2016,605.21
9/16/2016,606.3338
9/17/2016,605.2938
9/18/2016,608.6988
9/19/2016,608.5275
9/20/2016,599.4738
9/21/2016,595.7988
9/22/2016,595.035
9/23/2016,601.7138
9/24/2016,601.3413
9/25/2016,599.1763
9/26/2016,606.8125
9/27/2016,604.7625
9/28/2016,603.5188
9/29/2016,605.0588
9/30/2016,608.4375
10/1/2016,613.9338
10/2/2016,610.2913
10/3/2016,612.3375
10/4/2016,609.375
10/5/2016,610.885
10/6/2016,610.9
10/7/2016,616.4888
10/8/2016,616.5963
10/9/2016,614.6238
10/10/2016,617.4225
10/11/2016,639.3738
10/12/2016,635.0813
10/13/2016,635.02
10/14/2016,638.3675
10/15/2016,637.3713
10/16/2016,639.8275
10/17/2016,636.92
10/18/2016,635.5088
10/19/2016,628.1538
10/20/2016,628.6225
10/21/2016,630.1538
10/22/2016,652.715
10/23/2016,649.245
10/24/2016,648.3988
10/25/2016,652.895
10/26/2016,674.3575
10/27/2016,686.52
10/28/2016,688.0963
10/29/2016,712.87
10/30/2016,696.3538
10/31/2016,697.3688
11/1/2016,729.2713
11/2/2016,742.465
11/3/2016,687.5075
11/4/2016,702.5375
11/5/2016,704.1638
11/6/2016,712.2363
11/7/2016,704.0188
11/8/2016,709.1525
11/9/2016,721.1913
11/10/2016,713.6675
11/11/2016,716.5563
11/12/2016,703.5463
11/13/2016,702.5038
11/14/2016,706.395
11/15/2016,711.9563
11/16/2016,742.07
11/17/2016,735.4063
11/18/2016,749.6775
11/19/2016,750.6325
11/20/2016,728.6075
11/21/2016,736.7163
11/22/2016,748.225
11/23/2016,741.5963
11/24/2016,736.3988
11/25/2016,738.2775
11/26/2016,732.8238
11/27/2016,728.425
11/28/2016,731.7463
11/29/2016,731.765
11/30/2016,742.0075
12/1/2016,753.255
12/2/2016,771.4075
12/3/2016,764.9725
12/4/2016,766.4638
12/5/2016,750.7088
12/6/2016,758.81
12/7/2016,763.8975
12/8/2016,766.7513
12/9/2016,770.415
12/10/2016,773.2113
12/11/2016,768.6213
12/12/2016,777.9113
12/13/2016,775.25
12/14/2016,776.6363
12/15/2016,775.48
12/16/2016,780.85
12/17/2016,788.5763
12/18/2016,788.5888
12/19/2016,790.1563
12/20/2016,798.785
12/21/2016,833.1025
12/22/2016,858.7363
12/23/2016,916.7875
12/24/2016,894.2025
12/25/2016,894.4825
12/26/2016,902.5538
12/27/2016,931.1138
12/28/2016,978.0088
12/29/2016,969.625
12/30/2016,960.4713
12/31/2016,968.2275
1/1/2017,997.6888
1/2/2017,1018.05
1/3/2017,1030.817
1/4/2017,1129.87
1/5/2017,1005.815
1/6/2017,895.67
1/7/2017,905.17
1/8/2017,913.5238
1/9/2017,899.35
1/10/2017,904.7925
1/11/2017,775.9813
1/12/2017,802.8288
1/13/2017,826.1213
1/14/2017,818.6388
1/15/2017,822.4225
1/16/2017,830.2638
1/17/2017,904.4538
1/18/2017,884.2513
1/19/2017,898.0213
1/20/2017,891.6238
1/21/2017,920.0113
1/22/2017,925.3313
1/23/2017,912.6875
1/24/2017,885.6475
1/25/2017,894.11
1/26/2017,915.1
1/27/2017,918.5625
1/28/2017,920.28
1/29/2017,914.0438
1/30/2017,920.2413
1/31/2017,967.6675
2/1/2017,987.3463
2/2/2017,1007.795
2/3/2017,1018.111
2/4/2017,1033.652
2/5/2017,1013.993
2/6/2017,1024.612
2/7/2017,1052.538
2/8/2017,1054.343
2/9/2017,988.9475
2/10/2017,993.0788
2/11/2017,1010.002
2/12/2017,999.5125
2/13/2017,996.8575
2/14/2017,1009.251
2/15/2017,1009.116
2/16/2017,1034.082
2/17/2017,1053.122
2/18/2017,1058.406
2/19/2017,1052.817
2/20/2017,1083.241
2/21/2017,1123.656
2/22/2017,1122.195
2/23/2017,1178.384
2/24/2017,1180.918
2/25/2017,1151.581
2/26/2017,1179.968
2/27/2017,1194.278
2/28/2017,1190.888
3/1/2017,1230.016
3/2/2017,1260.924
3/3/2017,1290.786
3/4/2017,1267.68
3/5/2017,1277.685
3/6/2017,1280.868
3/7/2017,1232.431
3/8/2017,1150.481
3/9/2017,1191.815
3/10/2017,1117.025
3/11/2017,1181.645
3/12/2017,1229.505
3/13/2017,1243.242
3/14/2017,1246.309
3/15/2017,1259.601
3/16/2017,1172.909
3/17/2017,1070.128
3/18/2017,970.598
3/19/2017,1017.8
3/20/2017,1041.343
3/21/2017,1115.039
3/22/2017,1037.44
3/23/2017,1029.95
3/24/2017,935.946
3/25/2017,964.692
3/26/2017,965.229
3/27/2017,1040.491
3/28/2017,1044.251
3/29/2017,1040.392
3/30/2017,1037.527
3/31/2017,1079.748
4/1/2017,1089.511
4/2/2017,1098.776
4/3/2017,1147.631
4/4/2017,1143.746
4/5/2017,1134.998
4/6/2017,1190.597
4/7/2017,1193.019
4/8/2017,1184.824
4/9/2017,1210.055
4/10/2017,1213.339
4/11/2017,1224.767
4/12/2017,1216.505
4/13/2017,1178.533
4/14/2017,1183.44
4/15/2017,1180.699
4/16/2017,1184.787
4/17/2017,1203.731
4/18/2017,1217.596
4/19/2017,1226.939
4/20/2017,1255.403
4/21/2017,1257.135
4/22/2017,1244.375
4/23/2017,1248.217
4/24/2017,1248.325
4/25/2017,1263.545
4/26/2017,1284.845
4/27/2017,1329.19
4/28/2017,1320.051
4/29/2017,1327.038
4/30/2017,1347.958
5/1/2017,1402.083
5/2/2017,1443.682
5/3/2017,1491.998
5/4/2017,1515.628
5/5/2017,1512.208
5/6/2017,1548.286
5/7/2017,1555.471
5/8/2017,1639.322
5/9/2017,1706.931
5/10/2017,1756.802
5/11/2017,1807.372
5/12/2017,1676.993
5/13/2017,1759.961
5/14/2017,1772.416
5/15/2017,1697.378
5/16/2017,1718.201
5/17/2017,1802.163
5/18/2017,1887.326
5/19/2017,1968.102
5/20/2017,2051.735
5/21/2017,2055.617
5/22/2017,2139.027
5/23/2017,2291.477
5/24/2017,2476.296
5/25/2017,2357.503
5/26/2017,2247.482
5/27/2017,2106.307
5/28/2017,2207.577
5/29/2017,2289.87
5/30/2017,2197.233
5/31/2017,2330.233
6/1/2017,2452.181
6/2/2017,2517.408
6/3/2017,2555.653
6/4/2017,2552.808
6/5/2017,2736.595
6/6/2017,2914.082
6/7/2017,2694.218
6/8/2017,2825.031
6/9/2017,2826.7
6/10/2017,2942.345
6/11/2017,3018.545
6/12/2017,2682.595
6/13/2017,2738.931
6/14/2017,2494.485
6/15/2017,2456.923
6/16/2017,2528.102
6/17/2017,2663.997
6/18/2017,2576.171
6/19/2017,2641.665
6/20/2017,2778.827
6/21/2017,2712.157
6/22/2017,2740.79
6/23/2017,2738.225
6/24/2017,2619.118
6/25/2017,2594.453
6/26/2017,2485.358
6/27/2017,2593.17
6/28/2017,2584.563
6/29/2017,2561.561
6/30/2017,2499.983
7/1/2017,2460.2
7/2/2017,2529.783
7/3/2017,2581.066
7/4/2017,2625.071
7/5/2017,2629.272
7/6/2017,2619.112
7/7/2017,2521.236
7/8/2017,2579.933
7/9/2017,2525.675
7/10/2017,2371.96
7/11/2017,2332.187
7/12/2017,2423.16
7/13/2017,2364.516
7/14/2017,2232.655
7/15/2017,1993.258
7/16/2017,1938.942
7/17/2017,2244.265
7/18/2017,2327.897
7/19/2017,2294.405
7/20/2017,2877.386
7/21/2017,2694.291
7/22/2017,2838.81
7/23/2017,2762.626
7/24/2017,2779.043
7/25/2017,2591.216
7/26/2017,2550.18
7/27/2017,2697.472
7/28/2017,2805.178
7/29/2017,2720.08
7/30/2017,2746.326
7/31/2017,2873.832
8/1/2017,2735.587
8/2/2017,2723.58
8/3/2017,2814.361
8/4/2017,2883.681
8/5/2017,3301.758
8/6/2017,3255.002
8/7/2017,3431.968
8/8/2017,3453.162
8/9/2017,3377.543
8/10/2017,3445.28
8/11/2017,3679.607
8/12/2017,3917.648
8/13/2017,4111.196
8/14/2017,4382.741
8/15/2017,4204.43
8/16/2017,4425.296
8/17/2017,4316.34
8/18/2017,4159.457
8/19/2017,4206.131
8/20/2017,4111.22
8/21/2017,4054.942
8/22/2017,4137.672
8/23/2017,4191.217
8/24/2017,4362.475
8/25/2017,4408.323
8/26/2017,4387.461
8/27/2017,4394.515
8/28/2017,4439.658
8/29/2017,4648.133
8/30/2017,4630.727
8/31/2017,4764.867
9/1/2017,4950.723
9/2/2017,4643.975
9/3/2017,4631.695
9/4/2017,4319.721
9/5/2017,4422.121
9/6/2017,4626.72
9/7/2017,4638.097
9/8/2017,4317.537
9/9/2017,4291.88
9/10/2017,4191.175
9/11/2017,4188.845
9/12/2017,4148.267
9/13/2017,3874.258
9/14/2017,3226.412
9/15/2017,3686.9
9/16/2017,3678.737
9/17/2017,3672.566
9/18/2017,4067.077
9/19/2017,3896.998
9/20/2017,3858.088
9/21/2017,3612.681
9/22/2017,3603.308
9/23/2017,3777.293
9/24/2017,3662.12
9/25/2017,3927.498
9/26/2017,3895.512
9/27/2017,4208.561
9/28/2017,4185.292
9/29/2017,4164.103
9/30/2017,4353.047
10/1/2017,4394.638
10/2/2017,4404.097
10/3/2017,4320.09
10/4/2017,4225.923
10/5/2017,4322.755
10/6/2017,4370.245
10/7/2017,4437.033
10/8/2017,4596.962
10/9/2017,4772.975
10/10/2017,4754.698
10/11/2017,4830.766
10/12/2017,5439.133
10/13/2017,5640.127
10/14/2017,5809.693
10/15/2017,5697.391
10/16/2017,5754.221
10/17/2017,5595.235
10/18/2017,5572.198
10/19/2017,5699.583
10/20/2017,5984.086
10/21/2017,6013.228
10/22/2017,5984.956
10/23/2017,5895.298
10/24/2017,5518.85
10/25/2017,5733.903
10/26/2017,5888.145
10/27/2017,5767.68
10/28/2017,5732.825
10/29/2017,6140.531
10/30/2017,6121.8
10/31/2017,6447.667
11/1/2017,6750.172
11/2/2017,7030.002
11/3/2017,7161.451
11/4/2017,7386.998
11/5/2017,7382.448
11/6/2017,6958.211
11/7/2017,7118.801
11/8/2017,7458.795
11/9/2017,7146.781
11/10/2017,6570.312
11/11/2017,6337
11/12/2017,5857.317
11/13/2017,6517.676
11/14/2017,6598.768
11/15/2017,7279.001
11/16/2017,7843.937
11/17/2017,7689.908
11/18/2017,7776.94
11/19/2017,8033.936
11/20/2017,8238.202
11/21/2017,8095.593
11/22/2017,8230.692
11/23/2017,8002.641
11/24/2017,8201.461
11/25/2017,8763.785
11/26/2017,9326.588
11/27/2017,9739.055
11/28/2017,9908.228
11/29/2017,9816.347
11/30/2017,9916.536
12/1/2017,10859.56
12/2/2017,10895.01
12/3/2017,11180.88
12/4/2017,11616.85
12/5/2017,11696.05
12/6/2017,13708.99
12/7/2017,16858.02
12/8/2017,16057.14
12/9/2017,14913.4
12/10/2017,15036.95
12/11/2017,16699.67
12/12/2017,17178.1
12/13/2017,16407.2
12/14/2017,16531.08
12/15/2017,17601.94
12/16/2017,19343.04
12/17/2017,19086.64
12/18/2017,18960.52
12/19/2017,17608.35
12/20/2017,16454.72
12/21/2017,15561.05
12/22/2017,13857.14
12/23/2017,14548.71
12/24/2017,13975.43
12/25/2017,13917.02
12/26/2017,15745.25
12/27/2017,15378.28
12/28/2017,14428.76
12/29/2017,14427.87
12/30/2017,12629.81
12/31/2017,13860.13
1/1/2018,13412.44
1/2/2018,14740.75
1/3/2018,15134.65
1/4/2018,15155.22
1/5/2018,16937.17
1/6/2018,17135.83
1/7/2018,16178.49
1/8/2018,14970.35
1/9/2018,14439.47
1/10/2018,14890.72
1/11/2018,13287.26
1/12/2018,13812.71
1/13/2018,14188.78
1/14/2018,13619.02
1/15/2018,13585.9
1/16/2018,11348.02
1/17/2018,11141.24
1/18/2018,11250.64
1/19/2018,11514.92
1/20/2018,12759.64
1/21/2018,11522.85
1/22/2018,10772.15
1/23/2018,10839.82
1/24/2018,11399.52
1/25/2018,11137.23
1/26/2018,11090.06
1/27/2018,11407.15
1/28/2018,11694.46
1/29/2018,11158.39
1/30/2018,10034.99
1/31/2018,10166.5
2/1/2018,9052.576
2/2/2018,8827.63
2/3/2018,9224.391
2/4/2018,8186.648
2/5/2018,6914.26
2/6/2018,7700.386
2/7/2018,7581.803
2/8/2018,8237.236
2/9/2018,8689.838
2/10/2018,8556.612
2/11/2018,8070.796
2/12/2018,8891.212
2/13/2018,8516.243
2/14/2018,9477.84
2/15/2018,10016.48
2/16/2018,10178.71
2/17/2018,11092.14
2/18/2018,10396.63
2/19/2018,11159.72
2/20/2018,11228.24
2/21/2018,10456.17
2/22/2018,9830.426
2/23/2018,10149.46
2/24/2018,9682.382
2/25/2018,9586.46
2/26/2018,10313.08
2/27/2018,10564.41
2/28/2018,10309.64
3/1/2018,10907.59
3/2/2018,11019.52
3/3/2018,11438.65
3/4/2018,11479.73
3/5/2018,11432.98
3/6/2018,10709.52
3/7/2018,9906.8
3/8/2018,9299.283
3/9/2018,9237.05
3/10/2018,8787.163
3/11/2018,9532.741
3/12/2018,9118.271
3/13/2018,9144.147
3/14/2018,8196.897
3/15/2018,8256.993
3/16/2018,8269.327
3/17/2018,7862.108
3/18/2018,8196.022
3/19/2018,8594.191
3/20/2018,8915.903
3/21/2018,8895.4
3/22/2018,8712.891
3/23/2018,8918.743
3/24/2018,8535.893
3/25/2018,8449.835
3/26/2018,8138.336
3/27/2018,7790.157
3/28/2018,7937.205
3/29/2018,7086.487
3/30/2018,6844.321
3/31/2018,6926.017
4/1/2018,6816.74
4/2/2018,7049.793
4/3/2018,7417.887
4/4/2018,6789.301
4/5/2018,6774.751
4/6/2018,6620.408
4/7/2018,6896.281
4/8/2018,7022.708
4/9/2018,6773.938
4/10/2018,6830.903
4/11/2018,6939.55
4/12/2018,7916.372
4/13/2018,7889.231
4/14/2018,8003.681
4/15/2018,8357.037
4/16/2018,8051.345
4/17/2018,7890.15
4/18/2018,8163.69
4/19/2018,8273.741
4/20/2018,8863.502
4/21/2018,8917.596
4/22/2018,8792.83
4/23/2018,8938.303
4/24/2018,9652.156
4/25/2018,8864.087
4/26/2018,9278.997
4/27/2018,8978.332
4/28/2018,9342.471
4/29/2018,9392.031
4/30/2018,9244.322
5/1/2018,9067.715
5/2/2018,9219.863
5/3/2018,9734.675
5/4/2018,9692.717
5/5/2018,9826.597
5/6/2018,9619.143
5/7/2018,9362.533
5/8/2018,9180.158
5/9/2018,9306
5/10/2018,9014.615
5/11/2018,8406.175
5/12/2018,8467.656
5/13/2018,8688.028
5/14/2018,8675.206
5/15/2018,8474.238
5/16/2018,8340.298
5/17/2018,8058.603
5/18/2018,8240.725
5/19/2018,8234.152
5/20/2018,8520.812
5/21/2018,8395.232
5/22/2018,7983.517
5/23/2018,7502.558
5/24/2018,7578.691
5/25/2018,7460.693
5/26/2018,7334.163
5/27/2018,7344.967
5/28/2018,7105.672
5/29/2018,7460.583
5/30/2018,7375.67
5/31/2018,7487.187
6/1/2018,7518.245
6/2/2018,7636.193
6/3/2018,7711.365
6/4/2018,7490.59
6/5/2018,7616.891
6/6/2018,7655.978
6/7/2018,7688.003
6/8/2018,7616.102
6/9/2018,7497.343
6/10/2018,6765.801
6/11/2018,6877.182
6/12/2018,6548.33
6/13/2018,6299.522
6/14/2018,6637.738
6/15/2018,6410.722
6/16/2018,6485.868
6/17/2018,6443.672
6/18/2018,6709.48
6/19/2018,6737.413
6/20/2018,6758.378
6/21/2018,6717.202
6/22/2018,6053.896
6/23/2018,6170.56
6/24/2018,6150.188
6/25/2018,6247.467
6/26/2018,6074.917
6/27/2018,6132.562
6/28/2018,5848.263
6/29/2018,6203.901
6/30/2018,6387.306
7/1/2018,6347.858
7/2/2018,6613.27
7/3/2018,6504.926
7/4/2018,6584.766
7/5/2018,6531.2
7/6/2018,6600.986
7/7/2018,6755.561
7/8/2018,6704.182
7/9/2018,6664.206
7/10/2018,6302.49
7/11/2018,6381.872
7/12/2018,6245.633
7/13/2018,6217.606
7/14/2018,6247.227
7/15/2018,6349.037
7/16/2018,6726.405
7/17/2018,7314.942
7/18/2018,7378.757
7/19/2018,7470.825
7/20/2018,7330.536
7/21/2018,7404.287
7/22/2018,7396.286
7/23/2018,7717.5
7/24/2018,8397.635
7/25/2018,8166.76
7/26/2018,7929.61
7/27/2018,8183.025
7/28/2018,8229.96
7/29/2018,8215.56
7/30/2018,8167.998
7/31/2018,7726.891
8/1/2018,7603.748
8/2/2018,7535.02
8/3/2018,7415.561
8/4/2018,7009.088
8/5/2018,7026.991
8/6/2018,6937.073
8/7/2018,6717.208
8/8/2018,6280.58
8/9/2018,6537.902
8/10/2018,6143.305
8/11/2018,6233.381
8/12/2018,6312.833
8/13/2018,6252.37
8/14/2018,6192.306
8/15/2018,6270.042
8/16/2018,6314.241
8/17/2018,6583.238
8/18/2018,6395.352
8/19/2018,6485.746
8/20/2018,6256.606
8/21/2018,6477.376
8/22/2018,6357.587
8/23/2018,6525.608
8/24/2018,6692.621
8/25/2018,6732.502
8/26/2018,6707.632
8/27/2018,6907.661
8/28/2018,7076.745
8/29/2018,7035.812
8/30/2018,6982.4
8/31/2018,7013.973
9/1/2018,7192.298
9/2/2018,7295.13
9/3/2018,7261.486
9/4/2018,7358.496
9/5/2018,6687.012
9/6/2018,6498.618
9/7/2018,6396.268
9/8/2018,6183.38
9/9/2018,6238.54
9/10/2018,6305.573
9/11/2018,6282.921
9/12/2018,6328.93
9/13/2018,6486.621
9/14/2018,6492.375
9/15/2018,6515.898
9/16/2018,6497.366
9/17/2018,6251.16
9/18/2018,6334.196
9/19/2018,6388.978
9/20/2018,6491.64
9/21/2018,6753.18
9/22/2018,6712.167
9/23/2018,6701.297
9/24/2018,6581.51
9/25/2018,6434.648
9/26/2018,6458.652
9/27/2018,6684.131
9/28/2018,6621.665
9/29/2018,6583.771
9/30/2018,6606.085
10/1/2018,6578.793
10/2/2018,6506.657
10/3/2018,6470.713
10/4/2018,6555.875
10/5/2018,6589.403
10/6/2018,6563.425
10/7/2018,6582.401
10/8/2018,6622.401
10/9/2018,6606.882
10/10/2018,6550.731
10/11/2018,6177.233
10/12/2018,6211.668
10/13/2018,6227.51
10/14/2018,6222.215
10/15/2018,6513.383
10/16/2018,6531.362
10/17/2018,6514.641
10/18/2018,6450.785
10/19/2018,6418.852
10/20/2018,6455.485
10/21/2018,6453.82
10/22/2018,6448.098
10/23/2018,6434.253
10/24/2018,6450.31
10/25/2018,6427.397
10/26/2018,6436.971
10/27/2018,6431.088
10/28/2018,6426.55
10/29/2018,6285.233
10/30/2018,6283.526
10/31/2018,6320.458
11/1/2018,6358.4
11/2/2018,6368.855
11/3/2018,6346.806
11/4/2018,6439.478
11/5/2018,6420.865
11/6/2018,6465.987
11/7/2018,6520.108
11/8/2018,6425.263
11/9/2018,6353.876
11/10/2018,6368.675
11/11/2018,6380.815
11/12/2018,6356.023
11/13/2018,6307.245
11/14/2018,5681.981
11/15/2018,5620.877
11/16/2018,5548.233
11/17/2018,5536.071
11/18/2018,5582.7
11/19/2018,4785.153
11/20/2018,4413.802
11/21/2018,4574.358
11/22/2018,4289.688
11/23/2018,4319.993
11/24/2018,3815.921
11/25/2018,3976.571
11/26/2018,3761.421
11/27/2018,3800.196
11/28/2018,4241.575
11/29/2018,4263.875
11/30/2018,3992.155
12/1/2018,4165.606
12/2/2018,4116.613
12/3/2018,3855.683
12/4/2018,3929.628
12/5/2018,3722.391
12/6/2018,3466.15
12/7/2018,3404.456
12/8/2018,3433.363
12/9/2018,3566.341
12/10/2018,3447.345
12/11/2018,3378.115
12/12/2018,3465.336
12/13/2018,3292.088
12/14/2018,3223.763
12/15/2018,3214.385
12/16/2018,3229.168
12/17/2018,3540.196
12/18/2018,3703.805
12/19/2018,3724.993
12/20/2018,4107.686
12/21/2018,3886.305
12/22/2018,4031.895
12/23/2018,3987.881
12/24/2018,4069.806
12/25/2018,3823.058
12/26/2018,3809.19
12/27/2018,3632.68
12/28/2018,3937.05
12/29/2018,3779.713
12/30/2018,3880.906
12/31/2018,3740.5
1/1/2019,3869.47
1/2/2019,3941.216
1/3/2019,3832.155
1/4/2019,3863.626
1/5/2019,3835.598
1/6/2019,4083.165
1/7/2019,4041.458
1/8/2019,4029.991
1/9/2019,4028.291
1/10/2019,3669.582
1/11/2019,3660.958
1/12/2019,3658.672
1/13/2019,3540.158
1/14/2019,3706.172
1/15/2019,3604.133
1/16/2019,3630.256
1/17/2019,3665.41
1/18/2019,3630.785
1/19/2019,3708.963
1/20/2019,3552.893
1/21/2019,3548.69
1/22/2019,3598.218
1/23/2019,3576.01
1/24/2019,3598.271
1/25/2019,3582.2
1/26/2019,3580.775
1/27/2019,3553.013
1/28/2019,3454.48
1/29/2019,3421.12
1/30/2019,3482.3
1/31/2019,3441.985
2/1/2019,3468.251
2/2/2019,3466.217
2/3/2019,3443.166
2/4/2019,3451.115
2/5/2019,3472.035
2/6/2019,3393.671
2/7/2019,3385.97
2/8/2019,3657.401
2/9/2019,3654.3
2/10/2019,3681.051
2/11/2019,3621.028
2/12/2019,3622.713
2/13/2019,3605.313
2/14/2019,3592.91
2/15/2019,3601.058
2/16/2019,3611.975
2/17/2019,3661.741
2/18/2019,3905.743
2/19/2019,3922.098
2/20/2019,3976.79
2/21/2019,3936.34
2/22/2019,3979.995
2/23/2019,4145.438
2/24/2019,3767.305
2/25/2019,3852.16
2/26/2019,3830.673
2/27/2019,3832.26
2/28/2019,3826.023
3/1/2019,3850.071
3/2/2019,3845.113
3/3/2019,3820.146
3/4/2019,3732.573
3/5/2019,3880.8
3/6/2019,3884.998
3/7/2019,3891.731
3/8/2019,3875.47
3/9/2019,3950.61
3/10/2019,3932.043
3/11/2019,3882.615
3/12/2019,3891.346
3/13/2019,3882.801
3/14/2019,3885.988
3/15/2019,3935.415
3/16/2019,4022.538
3/17/2019,3999.661
3/18/2019,4004.811
3/19/2019,4033.718
3/20/2019,4064.086
3/21/2019,3999.323
3/22/2019,4003.55
3/23/2019,4009.468
3/24/2019,3994.028
3/25/2019,3929.308
3/26/2019,3945.325
3/27/2019,4051.903
3/28/2019,4039.001
3/29/2019,4119.018
3/30/2019,4117.848
3/31/2019,4117.51
4/1/2019,4156.39
4/2/2019,4908.688
4/3/2019,4977.001
4/4/2019,4917.846
4/5/2019,5053.72
4/6/2019,5058.34
4/7/2019,5208.02
4/8/2019,5296.931
4/9/2019,5196.985
4/10/2019,5319.705
4/11/2019,5046.865
4/12/2019,5088.748
4/13/2019,5077.718
4/14/2019,5172.451
4/15/2019,5033.095
4/16/2019,5214.55
4/17/2019,5237.38
4/18/2019,5290.743
4/19/2019,5297.566
4/20/2019,5326.938
4/21/2019,5305.996
4/22/2019,5396.578
4/23/2019,5540.111
4/24/2019,5454.448
4/25/2019,5160.64
4/26/2019,5241.025
4/27/2019,5247.24
4/28/2019,5266.346
4/29/2019,5259.626
4/30/2019,5378.618
5/1/2019,5423.66
5/2/2019,5503.301
5/3/2019,5775.881
5/4/2019,5876.01
5/5/2019,5823.795
5/6/2019,5799.616
5/7/2019,5861.591
5/8/2019,6029.08
5/9/2019,6187.28
5/10/2019,6375.561
5/11/2019,7184.64
5/12/2019,6979.131
5/13/2019,7801.296
5/14/2019,7978.01
5/15/2019,8180.425
5/16/2019,7875.163
5/17/2019,7376.853
5/18/2019,7259.506
5/19/2019,8189.376
5/20/2019,7995.965
5/21/2019,7945.045
5/22/2019,7623.513
5/23/2019,7875.996
5/24/2019,7998.22
5/25/2019,8063.948
5/26/2019,8738.18
5/27/2019,8783.068
5/28/2019,8724.455
5/29/2019,8670.265
5/30/2019,8273.011
5/31/2019,8544.97
6/1/2019,8553.126
6/2/2019,8737.361
6/3/2019,8105.13
6/4/2019,7677.398
6/5/2019,7785.985
6/6/2019,7806.715
6/7/2019,8001.276
6/8/2019,7928.541
6/9/2019,7634.648
6/10/2019,8016.691
6/11/2019,7913.893
6/12/2019,8173.356
6/13/2019,8232.753
6/14/2019,8693.765
6/15/2019,8857.078
6/16/2019,8976.536
6/17/2019,9340.25
6/18/2019,9083.816
6/19/2019,9288.536
6/20/2019,9539.788
6/21/2019,10232.91
6/22/2019,10695.36
6/23/2019,10860.82
6/24/2019,11041.85
6/25/2019,11752.67
6/26/2019,12907.13
6/27/2019,11170.88
6/28/2019,12356.27
6/29/2019,11882.5
6/30/2019,10769.42
7/1/2019,10599.32
7/2/2019,10850.4
7/3/2019,11976.63
7/4/2019,11151.91
7/5/2019,10996.42
7/6/2019,11252.45
7/7/2019,11476.4
7/8/2019,12294.65
7/9/2019,12563.21
7/10/2019,12096.65
7/11/2019,11345.77
7/12/2019,11789.33
7/13/2019,11350.62
7/14/2019,10194.21
7/15/2019,10842.45
7/16/2019,9422.451
7/17/2019,9692.706
7/18/2019,10636.91
7/19/2019,10526.39
7/20/2019,10754.29
7/21/2019,10586.24
7/22/2019,10325.82
7/23/2019,9849.82
7/24/2019,9771.566
7/25/2019,9882.1
7/26/2019,9844.558
7/27/2019,9466.271
7/28/2019,9527.771
7/29/2019,9501.031
7/30/2019,9588.603
7/31/2019,10090.53
8/1/2019,10405.2
8/2/2019,10526.21
8/3/2019,10818.69
8/4/2019,10979.31
8/5/2019,11802.01
8/6/2019,11467.19
8/7/2019,11981.15
8/8/2019,12010.89
8/9/2019,11868.75
8/10/2019,11289.49
8/11/2019,11561.71
8/12/2019,11396.54
8/13/2019,10875.34
8/14/2019,10036.18
8/15/2019,10307.89
8/16/2019,10358.76
8/17/2019,10220.6
8/18/2019,10321.73
8/19/2019,10924.96
8/20/2019,10776.9
8/21/2019,10133.34
8/22/2019,10113.2
8/23/2019,10406.74
8/24/2019,10147.76
8/25/2019,10138.66
8/26/2019,10365.17
8/27/2019,10177.92
8/28/2019,9723.805
8/29/2019,9500.636
8/30/2019,9588.071
8/31/2019,9608.646
9/1/2019,9773.341
9/2/2019,10386.91
9/3/2019,10634.64
9/4/2019,10583.66
9/5/2019,10580.27
9/6/2019,10308.03
9/7/2019,10488.41
9/8/2019,10404.64
9/9/2019,10314.97
9/10/2019,10107.72
9/11/2019,10164.08
9/12/2019,10433.55
9/13/2019,10372.55
9/14/2019,10365.44
9/15/2019,10312.66
9/16/2019,10271.01
9/17/2019,10199.9
9/18/2019,10165.32
9/19/2019,10282.65
9/20/2019,10179.95
9/21/2019,9989.755
9/22/2019,10036.7
9/23/2019,9694.506
9/24/2019,8538.105
9/25/2019,8449.916
9/26/2019,8075.966
9/27/2019,8200.283
9/28/2019,8221.378
9/29/2019,8067.268
9/30/2019,8316.876
10/1/2019,8326.58
10/2/2019,8395.218
10/3/2019,8246.541
10/4/2019,8161.348
10/5/2019,8153.976
10/6/2019,7868.34
10/7/2019,8217.633
10/8/2019,8191.071
10/9/2019,8596.453
10/10/2019,8590.373
10/11/2019,8272.395
10/12/2019,8311.811
10/13/2019,8290.971
10/14/2019,8362.073
10/15/2019,8171.27
10/16/2019,8002.848
10/17/2019,8081.313
10/18/2019,7966.266
10/19/2019,7974.088
10/20/2019,8242.863
10/21/2019,8221.373
10/22/2019,8034.545
10/23/2019,7478.905
10/24/2019,7435.846
10/25/2019,8671.508
10/26/2019,9261.998
10/27/2019,9555.305
10/28/2019,9223.206
10/29/2019,9437.585
10/30/2019,9170.285
10/31/2019,9164.365
11/1/2019,9265.431
11/2/2019,9312.36
11/3/2019,9211.6
11/4/2019,9424.185
11/5/2019,9326.603
11/6/2019,9345.69
11/7/2019,9205.808
11/8/2019,8770.361
11/9/2019,8813.356
11/10/2019,9044.781
11/11/2019,8726.36
11/12/2019,8820.233
11/13/2019,8775.101
11/14/2019,8639.183
11/15/2019,8471.278
11/16/2019,8496.6
11/17/2019,8516.08
11/18/2019,8191.066
11/19/2019,8136.276
11/20/2019,8098.318
11/21/2019,7633.95
11/22/2019,7292.74
11/23/2019,7335.321
11/24/2019,6924.848
11/25/2019,7136.761
11/26/2019,7175.526
11/27/2019,7531.828
11/28/2019,7442.296
11/29/2019,7770.54
11/30/2019,7571.408
12/1/2019,7420.841
12/2/2019,7320.816
12/3/2019,7312.883
12/4/2019,7211.35
12/5/2019,7404.403
12/6/2019,7556.881
12/7/2019,7517.2
12/8/2019,7539.52
12/9/2019,7351.336
12/10/2019,7232.843
12/11/2019,7213.476
12/12/2019,7199.51
12/13/2019,7263.045
12/14/2019,7077.151
12/15/2019,7125.816
12/16/2019,6893.236
12/17/2019,6633.371
12/18/2019,7299.736
12/19/2019,7161.965
12/20/2019,7198.785
12/21/2019,7150.913
12/22/2019,7520.043
12/23/2019,7324.495
12/24/2019,7261.025
12/25/2019,7204.021
12/26/2019,7205.803
12/27/2019,7259.67
12/28/2019,7313.693
12/29/2019,7397.535
12/30/2019,7234.615
12/31/2019,7182.401
1/1/2020,7188.463
1/2/2020,6961.568
1/3/2020,7346.58
1/4/2020,7355.855
1/5/2020,7356.311
1/6/2020,7761.825
1/7/2020,8157.761
1/8/2020,8042.873
1/9/2020,7816.923
1/10/2020,8189.265
1/11/2020,8016.426
1/12/2020,8178.883
1/13/2020,8105.478
1/14/2020,8807.426
1/15/2020,8808.486
1/16/2020,8716.913
1/17/2020,8890.25
1/18/2020,8901.17
1/19/2020,8698.571
1/20/2020,8631.288
1/21/2020,8727.603
1/22/2020,8661.01
1/23/2020,8392.145
1/24/2020,8436.49
1/25/2020,8337.101
1/26/2020,8602.741
1/27/2020,8901.506
1/28/2020,9393.273
1/29/2020,9290.46
1/30/2020,9508.725
1/31/2020,9346.133
2/1/2020,9388.661
2/2/2020,9333.08
2/3/2020,9291.643
2/4/2020,9175.336
2/5/2020,9613.403
2/6/2020,9750.546
2/7/2020,9808.596
2/8/2020,9897.658
2/9/2020,10161.28
2/10/2020,9852.718
2/11/2020,10266.1
2/12/2020,10347.95
2/13/2020,10230.07
2/14/2020,10356.75
2/15/2020,9903.021
2/16/2020,9926.2
2/17/2020,9706.08
2/18/2020,10185.87
2/19/2020,9593.48
2/20/2020,9607.31
2/21/2020,9695.558
2/22/2020,9667.843
2/23/2020,9973.273
2/24/2020,9664.633
2/25/2020,9313.92
2/26/2020,8790.12
2/27/2020,8816.585
2/28/2020,8715.661
2/29/2020,8538.398
3/1/2020,8540.256
3/2/2020,8926.251
3/3/2020,8768.18
3/4/2020,8767.886
3/5/2020,9073.275
3/6/2020,9165.151
3/7/2020,8905.951
3/8/2020,8050.188
3/9/2020,7944.45
3/10/2020,7899.226
3/11/2020,7951.17
3/12/2020,4914.085
3/13/2020,5629.576
3/14/2020,5182.321
3/15/2020,5360.06
3/16/2020,5043.678
3/17/2020,5337.093
3/18/2020,5411.621
3/19/2020,6180.27
3/20/2020,6206.611
3/21/2020,6197.618
3/22/2020,5803.67
3/23/2020,6492.94
3/24/2020,6766.781
3/25/2020,6687.705
3/26/2020,6709.95
3/27/2020,6698.73
3/28/2020,6226.545
3/29/2020,5882.006
3/30/2020,6568.805
3/31/2020,6449.95
4/1/2020,6671.95
4/2/2020,6833.05
4/3/2020,6740.075
4/4/2020,6872.915
4/5/2020,6778.61
4/6/2020,7297.75
4/7/2020,7360.37
4/8/2020,7341.15
4/9/2020,7314.95
4/10/2020,6909.95
4/11/2020,6814.05
4/12/2020,7143.45
4/13/2020,6763.065
4/14/2020,6885.1
4/15/2020,6727.15
4/16/2020,7055.822
4/17/2020,7086.85
4/18/2020,7226.61
4/19/2020,7170.65
4/20/2020,6896.31
4/21/2020,6856.8
4/22/2020,7137.85
4/23/2020,7556.95
4/24/2020,7502.9
4/25/2020,7598.605
4/26/2020,7602.64
4/27/2020,7674.375
4/28/2020,7724.15
4/29/2020,8273.45
4/30/2020,8740.75
5/1/2020,8771.572
5/2/2020,8891.445
5/3/2020,8819.01
5/4/2020,8801.36
5/5/2020,8900.3
5/6/2020,9248.947
5/7/2020,9375.95
5/8/2020,9986.667
5/9/2020,9740.815
5/10/2020,8465.45
5/11/2020,8857.062
5/12/2020,8729.95
5/13/2020,9099.2
5/14/2020,9582.582
5/15/2020,9523.595
5/16/2020,9465.05
5/17/2020,9775.125
5/18/2020,9636.55
5/19/2020,9789.75
5/20/2020,9772.205
5/21/2020,9335.15
5/22/2020,9177.8
5/23/2020,9186.831
5/24/2020,9203.13
5/25/2020,8776.34
5/26/2020,8871.05
5/27/2020,8923.05
5/28/2020,9207.95
5/29/2020,9448.365
5/30/2020,9550.815
5/31/2020,9545.15
6/1/2020,9564.95
6/2/2020,10136.5
6/3/2020,9594.45
6/4/2020,9529.55
6/5/2020,9836.805
6/6/2020,9679.75
6/7/2020,9621.55
6/8/2020,9730.365
6/9/2020,9668.96
6/10/2020,9731.05
6/11/2020,9797.5
6/12/2020,9475.95
6/13/2020,9432.387
6/14/2020,9421.895
6/15/2020,9137.25
6/16/2020,9490.737
6/17/2020,9474.64
6/18/2020,9447.25
6/19/2020,9276.15
6/20/2020,9312.005
6/21/2020,9339.125
6/22/2020,9474.9
6/23/2020,9591.715
6/24/2020,9510.3
6/25/2020,9274.126
6/26/2020,9127.55
6/27/2020,9164.315
6/28/2020,8991.5
6/29/2020,9096.15
6/30/2020,9144.385
7/1/2020,9153.95
7/2/2020,9199.875
7/3/2020,9094.955
7/4/2020,9083.395
7/5/2020,9075.312
7/6/2020,9203.25
7/7/2020,9265.375
7/8/2020,9279.583
7/9/2020,9403.85
7/10/2020,9144.715
7/11/2020,9278.05
7/12/2020,9279.05
7/13/2020,9294.662
7/14/2020,9202.406
7/15/2020,9214.127
7/16/2020,9116.325
7/17/2020,9122.22
7/18/2020,9140.257
7/19/2020,9156.11
7/20/2020,9185.375
7/21/2020,9206.512
7/22/2020,9357.195
7/23/2020,9511.615
7/24/2020,9544.48
7/25/2020,9601.75
7/26/2020,9712.08
7/27/2020,10300.5
7/28/2020,10985.31
7/29/2020,10982.5
7/30/2020,11053.5
7/31/2020,11025.5
8/1/2020,11354.15
8/2/2020,11301.28
8/3/2020,11164.44
8/4/2020,11275.99
8/5/2020,11219.5
8/6/2020,11796.81
8/7/2020,11827.26
8/8/2020,11568.5
8/9/2020,11666.45
8/10/2020,12010.28
8/11/2020,11832.5
8/12/2020,11342.01
8/13/2020,11565.09
8/14/2020,11759.5
8/15/2020,11895.62
8/16/2020,11908.33
8/17/2020,11856.5
8/18/2020,12327.5
8/19/2020,11918.5
8/20/2020,11833.89
8/21/2020,11583.13
8/22/2020,11674.62
8/23/2020,11611.5
8/24/2020,11744.01
8/25/2020,11378.72
8/26/2020,11458.82
8/27/2020,11302.12
8/28/2020,11482.22
8/29/2020,11515.04
8/30/2020,11657
8/31/2020,11678.37
9/1/2020,11964.2
9/2/2020,11795.7
9/3/2020,11302.88
9/4/2020,10292.59
9/5/2020,10439.5
9/6/2020,10110.44
9/7/2020,10164.13
9/8/2020,10316.58
9/9/2020,10032.5
9/10/2020,10341.01
9/11/2020,10380.53
9/12/2020,10436.36
9/13/2020,10313.06
9/14/2020,10680.29
9/15/2020,10829.5
9/16/2020,11033.38
9/17/2020,10937.11
9/18/2020,10933.93
9/19/2020,11048.87
9/20/2020,10852.91
9/21/2020,10526.2
9/22/2020,10531.16
9/23/2020,10260.03
9/24/2020,10672.95
9/25/2020,10729.06
9/26/2020,10741.47
9/27/2020,10752.34
9/28/2020,10863.06
9/29/2020,10764.28
9/30/2020,10741.57
10/1/2020,10626.6
10/2/2020,10567.33
10/3/2020,10555.02
10/4/2020,10660.61
10/5/2020,10756.4
10/6/2020,10589.62
10/7/2020,10645.75
10/8/2020,10897.59
10/9/2020,11063.53
10/10/2020,11304.49
10/11/2020,11377.16
10/12/2020,11545.15
10/13/2020,11432.47
10/14/2020,11430.87
10/15/2020,11510.53
10/16/2020,11325.52
10/17/2020,11369.91
10/18/2020,11516.96
10/19/2020,11758.54
10/20/2020,11922.97
10/21/2020,12811.48
10/22/2020,12987.9
10/23/2020,12940.1
10/24/2020,13127.05
10/25/2020,13039.01
10/26/2020,13067.82
10/27/2020,13638.76
10/28/2020,13276.45
10/29/2020,13459.79
10/30/2020,13566.92
10/31/2020,13797.1
11/1/2020,13762.97
11/2/2020,13567.22
11/3/2020,14030.79
11/4/2020,14158.81
11/5/2020,15593.55
11/6/2020,15589
11/7/2020,14843.94
11/8/2020,15489.47
11/9/2020,15334.87
11/10/2020,15313.44
11/11/2020,15706.54
11/12/2020,16301.02
11/13/2020,16330.34
11/14/2020,16075.71
11/15/2020,15968.24
11/16/2020,16720.6
11/17/2020,17676.33
11/18/2020,17785.26
11/19/2020,17815.07
11/20/2020,18675.43
11/21/2020,18697.51
11/22/2020,18423.51
11/23/2020,18381.71
11/24/2020,19161.26
11/25/2020,18723.54
11/26/2020,17182.48
11/27/2020,17156.3
11/28/2020,17737.96
11/29/2020,18196.54
11/30/2020,19708.09
12/1/2020,18795.19
12/2/2020,19226.22
12/3/2020,19450.26
12/4/2020,18657.42
12/5/2020,19157.92
12/6/2020,19386.71
12/7/2020,19185.39
12/8/2020,18322.55
12/9/2020,18553.92
12/10/2020,18255.92
12/11/2020,18039.76
12/12/2020,18811.06
12/13/2020,19168.75
12/14/2020,19274.87
12/15/2020,19444.54
12/16/2020,21349.84
12/17/2020,22812.28
12/18/2020,23133.28
12/19/2020,23835.3
12/20/2020,23458.99
12/21/2020,22718.22
12/22/2020,23817.3
12/23/2020,23229.01
12/24/2020,23729.64
12/25/2020,24707.8
12/26/2020,26445.95
12/27/2020,26248.27
12/28/2020,27041.86
12/29/2020,27353.97
12/30/2020,28886.04
12/31/2020,28956.26
1/1/2021,29391.77
1/2/2021,32198.48
1/3/2021,33033.62
1/4/2021,32017.56
1/5/2021,34035
1/6/2021,36826.97
1/7/2021,39475.6
1/8/2021,40616.72
1/9/2021,40227.86
1/10/2021,38191.55
1/11/2021,35463.18
1/12/2021,34059.91
1/13/2021,37375.8
1/14/2021,39138.07
1/15/2021,36770.04
1/16/2021,36029.19
1/17/2021,35845.02
1/18/2021,36656.99
1/19/2021,35929.16
1/20/2021,35510.67
1/21/2021,30838.5
1/22/2021,33018.82
1/23/2021,32106.7
1/24/2021,32297.16
1/25/2021,32255.35
1/26/2021,32518.35
1/27/2021,30425.39
1/28/2021,33420.04
1/29/2021,34264.01
1/30/2021,34324.27
1/31/2021,33129.74
2/1/2021,33543.77
2/2/2021,35528.31
2/3/2021,37685.27
2/4/2021,36984.67
2/5/2021,38306.24
2/6/2021,39269.34
2/7/2021,38862.35
2/8/2021,46436.09
2/9/2021,46502.29
2/10/2021,44855.61
2/11/2021,48004.65
2/12/2021,47410.4
2/13/2021,47211.66
2/14/2021,48633.26
2/15/2021,47934.12
2/16/2021,49185.72
2/17/2021,52127.32
2/18/2021,51573.4
2/19/2021,55923.13
2/20/2021,55898.44
2/21/2021,57441.6
2/22/2021,54117.49
2/23/2021,48901.01
2/24/2021,49734.52
2/25/2021,47104.78
2/26/2021,46329.74
2/27/2021,46189.37
2/28/2021,45256.41
3/1/2021,49619.64
3/2/2021,48502.8
3/3/2021,50422.16
3/4/2021,48365.14
3/5/2021,48780.96
3/6/2021,48887.02
3/7/2021,50985.94
3/8/2021,52393.36
3/9/2021,54932.33
3/10/2021,55890.25
3/11/2021,57827.61
3/12/2021,57254.9
3/13/2021,61184.82
3/14/2021,58991.56
3/15/2021,55652
3/16/2021,56921.49
3/17/2021,58899.97
3/18/2021,57638.09
3/19/2021,58069.25
3/20/2021,58119.09
3/21/2021,57372.97
3/22/2021,54091.96
3/23/2021,54343.35
3/24/2021,52291.85
3/25/2021,51344.27
3/26/2021,55046.03
3/27/2021,55853.77
3/28/2021,55777.28
3/29/2021,57641.55
3/30/2021,58795.94
3/31/2021,58793.84
4/1/2021,58726.68
4/2/2021,58981.11
4/3/2021,57065.38
4/4/2021,58221.75
4/5/2021,59140.68
4/6/2021,58011.41
4/7/2021,55950.97
4/8/2021,58087.18
4/9/2021,58119.59
4/10/2021,59791.84
4/11/2021,59990.87
4/12/2021,59856.71
4/13/2021,63564.83
4/14/2021,62954.58
4/15/2021,63223.76
4/16/2021,61394.88
4/17/2021,60023.51
4/18/2021,56232.37
4/19/2021,55668.22
4/20/2021,56499.27
4/21/2021,53812.07
4/22/2021,51722.13
4/23/2021,51161.14
4/24/2021,50123.73
4/25/2021,49128.24
4/26/2021,54069.51
4/27/2021,55066.08
4/28/2021,54877.7
4/29/2021,53579.95
4/30/2021,57736.85
5/1/2021,57836
5/2/2021,56608.8
5/3/2021,57189.48
5/4/2021,53240.33
5/5/2021,57501.21
5/6/2021,56437.98
5/7/2021,57351.06
5/8/2021,58940.02
5/9/2021,58290.33
5/10/2021,55862.21
5/11/2021,56737.84
5/12/2021,49514.98
5/13/2021,49724.31
5/14/2021,49903.47
5/15/2021,46777.28
5/16/2021,46493.52
5/17/2021,43563.34
5/18/2021,42896.32
5/19/2021,36765.59
5/20/2021,40593.81
5/21/2021,37361.4
5/22/2021,37516.83
5/23/2021,34720.74
5/24/2021,38856.76
5/25/2021,38378.96
5/26/2021,39299.35
5/27/2021,38534.77
5/28/2021,35678.94
5/29/2021,34613.67
5/30/2021,35649.82
5/31/2021,37277.44
6/1/2021,36681.74
6/2/2021,37583.65
6/3/2021,39232.65
6/4/2021,36851.84
6/5/2021,35534.92
6/6/2021,35801.13
6/7/2021,33580.77
6/8/2021,33406.48
6/9/2021,37383.66
6/10/2021,36683.91
6/11/2021,37338.03
6/12/2021,35545.98
6/13/2021,39018.03
6/14/2021,40518.68
6/15/2021,40160.72
6/16/2021,38344.72
6/17/2021,38087.25
6/18/2021,35814.64
6/19/2021,35519.71
6/20/2021,35605.68
6/21/2021,31651.57
6/22/2021,32538.25
6/23/2021,33690.37
6/24/2021,34657.97
6/25/2021,31586.9
6/26/2021,32308.72
6/27/2021,34708.96
6/28/2021,34497.75
6/29/2021,35918.88
6/30/2021,35053.41
7/1/2021,33524.98
7/2/2021,33803.96
7/3/2021,34684.13
7/4/2021,35287.2
7/5/2021,33694.79
7/6/2021,34233.84
7/7/2021,33876.69
7/8/2021,32869.95
7/9/2021,33805.37
7/10/2021,33513.48
7/11/2021,34254
7/12/2021,33092.92
7/13/2021,32727.92
7/14/2021,32822.18
7/15/2021,31870
7/16/2021,31400.42
7/17/2021,31539.02
7/18/2021,31800.12
7/19/2021,30837.89
7/20/2021,29800.73
7/21/2021,32146.07
7/22/2021,32306.59
7/23/2021,33646.43
7/24/2021,34289.1
7/25/2021,35417.46
7/26/2021,37268.7
7/27/2021,39489.86
7/28/2021,40021.71
7/29/2021,40039.97
7/30/2021,42208.22
7/31/2021,41458.84
8/1/2021,39882.38
8/2/2021,39154.79
8/3/2021,38198.68
8/4/2021,39742.44
8/5/2021,40887.41
8/6/2021,42856.34
8/7/2021,44606.61
8/8/2021,43804.8
8/9/2021,46283.23
8/10/2021,45606.61
8/11/2021,45556.01
8/12/2021,44415.85
8/13/2021,47837.67
8/14/2021,47098.26
8/15/2021,47018.9
8/16/2021,45927.4
8/17/2021,44686.33
8/18/2021,44725.12
8/19/2021,46768.7
8/20/2021,49345.85
8/21/2021,48862.04
8/22/2021,49278.87
8/23/2021,49525.47
8/24/2021,47705.4
8/25/2021,48996.07
8/26/2021,46842.81
8/27/2021,49082.57
8/28/2021,48923.55
8/29/2021,48799.58
8/30/2021,46996.92
8/31/2021,47127.2
9/1/2021,48840.96
9/2/2021,49284.7
9/3/2021,50012.92
9/4/2021,49924.72
9/5/2021,51788.98
9/6/2021,52688.24
9/7/2021,46856.45
9/8/2021,46070.4
9/9/2021,46391.09
9/10/2021,44849.31
9/11/2021,45168.82
9/12/2021,46043.95
9/13/2021,44955.37
9/14/2021,47112.17
9/15/2021,48139.48
9/16/2021,47770.44
9/17/2021,47297.36
9/18/2021,48315.04
9/19/2021,47247.43
9/20/2021,43014.72
9/21/2021,40681.44
9/22/2021,43577.95
9/23/2021,44893.58
9/24/2021,42851.7
9/25/2021,42709.59
9/26/2021,43199.48
9/27/2021,42178.03
9/28/2021,41046.44
9/29/2021,41535.12
9/30/2021,43825.54
10/1/2021,48162.7
10/2/2021,47671.93
10/3/2021,48233.09
10/4/2021,49240.26
10/5/2021,51495.32
10/6/2021,55340.01
10/7/2021,53798.4
10/8/2021,53944.27
10/9/2021,54960.84
10/10/2021,54686.13
10/11/2021,57490.3
10/12/2021,56001.74
10/13/2021,57375.72
10/14/2021,57355.02
10/15/2021,61693.79
10/16/2021,60871.44
10/17/2021,61518.84
10/18/2021,62025.16
10/19/2021,64286.51
10/20/2021,66015.09
10/21/2021,62201.96
10/22/2021,60696.97
10/23/2021,61307.66
10/24/2021,60849.56
10/25/2021,63084.57
10/26/2021,60307.65
10/27/2021,58457.87
10/28/2021,60591.94
10/29/2021,62253.32
10/30/2021,61888.4
10/31/2021,61338.53
11/1/2021,60955.76
11/2/2021,63246.85
11/3/2021,62926.82
11/4/2021,61444.22
11/5/2021,61016.28
11/6/2021,61514.38
11/7/2021,63287.79
11/8/2021,67544.87
11/9/2021,66941.87
11/10/2021,64924.35
11/11/2021,64818.75
11/12/2021,64142.98
11/13/2021,64410.97
11/14/2021,65495.31
11/15/2021,63599.74
11/16/2021,60112.95
11/17/2021,60364.08
11/18/2021,56925.42
11/19/2021,58121.78
11/20/2021,59763.95
11/21/2021,58689.53
11/22/2021,56290.16
11/23/2021,57594.3
11/24/2021,57172.54
11/25/2021,58999.11
11/26/2021,53798.9
11/27/2021,54772.27
11/28/2021,57319.57
11/29/2021,57834.5
11/30/2021,56974.03
12/1/2021,57238.62
12/2/2021,56522.14
12/3/2021,53671.99
12/4/2021,49247.42
12/5/2021,49454.1
12/6/2021,50516.59
12/7/2021,50631.12
12/8/2021,50510.23
12/9/2021,47591.02
12/10/2021,47176.76
12/11/2021,49388.08
12/12/2021,50105.79
12/13/2021,46735.51
12/14/2021,48385.12
12/15/2021,48886.06
12/16/2021,47645.42
12/17/2021,46171.71
12/18/2021,46863.77
12/19/2021,46695.38
12/20/2021,46913.64
12/21/2021,48923.3
12/22/2021,48620.54
12/23/2021,50832.25
12/24/2021,50831.94
12/25/2021,50436.64
12/26/2021,50796.87
12/27/2021,50696.56
12/28/2021,47549.82
12/29/2021,46470.69
12/30/2021,47138.04
12/31/2021,46206.17
1/1/2022,47742.99
1/2/2022,47310.92
1/3/2022,46448.03
1/4/2022,45837.33
1/5/2022,43430.7
1/6/2022,43098.68
1/7/2022,41541.22
1/8/2022,41689.19
1/9/2022,41864.1
1/10/2022,41838.46
1/11/2022,42744.29
1/12/2022,43921.28
1/13/2022,42577.15
1/14/2022,43095.52
1/15/2022,43096.1
1/16/2022,43091.25
1/17/2022,42224.71
1/18/2022,42373.68
1/19/2022,41676.66
1/20/2022,40705.44
1/21/2022,36462.62
1/22/2022,35085.14
1/23/2022,36286.22
1/24/2022,36703.22
1/25/2022,36981.49
1/26/2022,36828.1
1/27/2022,37194.41
1/28/2022,37740.73
1/29/2022,38186.37
1/30/2022,37915.89
1/31/2022,38499.26
2/1/2022,38718.8
2/2/2022,36918.19
2/3/2022,37339.93
2/4/2022,41580.42
2/5/2022,41420.23
2/6/2022,42414.56
2/7/2022,43868.43
2/8/2022,44080.55
2/9/2022,44427.39
2/10/2022,43529.69
2/11/2022,42404.53
2/12/2022,42235.44
2/13/2022,42076.91
2/14/2022,42551.44
2/15/2022,44573.14
2/16/2022,43900.74
2/17/2022,40558.95
2/18/2022,40016.79
2/19/2022,40116.05
2/20/2022,38411.1
2/21/2022,37042.72
2/22/2022,38273.04
2/23/2022,37274.85
2/24/2022,38357.16
2/25/2022,39233.73
2/26/2022,39138.36
2/27/2022,37721.39
2/28/2022,43197.58
3/1/2022,44438.34
3/2/2022,43931.7
3/3/2022,42476.51
3/4/2022,39165.25
3/5/2022,39411.13
3/6/2022,38426.47
3/7/2022,38012.92
3/8/2022,38753.64
3/9/2022,41957.53
3/10/2022,39439.15
3/11/2022,38739.66
3/12/2022,38814.28
3/13/2022,37788.05
3/14/2022,39691.79
3/15/2022,39310.21
3/16/2022,41134.12
3/17/2022,40945.16
3/18/2022,41778.78
3/19/2022,42228.08
3/20/2022,41276.26
3/21/2022,41037.88
3/22/2022,42375.06
3/23/2022,42540.77
3/24/2022,43921.27
3/25/2022,44360.5
3/26/2022,44350.51
3/27/2022,46631.25
3/28/2022,48173.2
3/29/2022,47384.5
3/30/2022,47151.5
3/31/2022,46318.56
4/1/2022,46154.5
4/2/2022,46321.27
4/3/2022,46571.35
4/4/2022,45701.54
4/5/2022,45809.58
4/6/2022,44106.25
4/7/2022,43600
4/8/2022,43090.21
4/9/2022,42459.5
4/10/2022,42726
4/11/2022,40865.25
4/12/2022,40617.5
4/13/2022,39888.5
4/14/2022,41023.5
4/15/2022,40310.5
4/16/2022,40411.5
4/17/2022,40339.5
4/18/2022,39036.35
4/19/2022,40661.67
4/20/2022,41440
4/21/2022,41931
4/22/2022,39494.5
4/23/2022,39732.6
4/24/2022,39605.64
4/25/2022,39111.5
4/26/2022,39971.98
4/27/2022,39043.5
4/28/2022,39627.55
4/29/2022,39158.38
4/30/2022,38617
5/1/2022,37923.81
5/2/2022,38913.87
5/3/2022,38580.5
5/4/2022,38368.5
5/5/2022,39690.5
5/6/2022,36469.28
5/7/2022,35933.5
5/8/2022,34637.3
5/9/2022,33528.5
5/10/2022,32050.5
5/11/2022,31474.35
5/12/2022,27127.96
5/13/2022,30219.84
5/14/2022,29378.75
5/15/2022,29817.5
5/16/2022,30376.44
5/17/2022,30160.5
5/18/2022,28665.89
5/19/2022,30280.66
5/20/2022,29162.98
5/21/2022,29408.87
5/22/2022,30262.62
5/23/2022,29072.72
5/24/2022,29630.97
5/25/2022,29510.54
5/26/2022,29183.47
5/27/2022,28582.68
5/28/2022,29009.85
5/29/2022,29446.52
5/30/2022,31713.07
5/31/2022,31776.5
6/1/2022,29782.53
6/2/2022,30432.56
6/3/2022,29676.4
6/4/2022,29843.31
6/5/2022,29894.43
6/6/2022,31351.2
6/7/2022,31107.38
6/8/2022,30184.13
6/9/2022,30074.92
6/10/2022,29058.55
6/11/2022,28380.2
6/12/2022,26566.16
6/13/2022,22445.5
6/14/2022,22114.84
6/15/2022,22559.16
6/16/2022,20366.3
6/17/2022,20438.8
6/18/2022,18958.2
6/19/2022,20559.13
6/20/2022,20555.44
6/21/2022,20696.96
6/22/2022,19957.16
6/23/2022,21100.45
6/24/2022,21213.33
6/25/2022,21481.63
6/26/2022,21029.43
6/27/2022,20705.62
6/28/2022,20251.54
6/29/2022,20086.2
6/30/2022,19923.5
7/1/2022,19245.22
7/2/2022,19222
7/3/2022,19291.65
7/4/2022,20209.9
7/5/2022,20167.93
7/6/2022,20542.7
7/7/2022,21628.97
7/8/2022,21597.91
7/9/2022,21582.13
7/10/2022,20840.27
7/11/2022,19945.77
7/12/2022,19307.9
7/13/2022,20233.6
7/14/2022,20574.51
7/15/2022,20827.45
7/16/2022,21198.91
7/17/2022,20786
7/18/2022,22450.1
7/19/2022,23401.62
7/20/2022,23220.29
7/21/2022,23154.17
7/22/2022,22689
7/23/2022,22459.26
7/24/2022,22587.44
7/25/2022,21304.33
7/26/2022,21264.99
7/27/2022,22962.29
7/28/2022,23858.7
7/29/2022,23776.8
7/30/2022,23646.32
7/31/2022,23319.78
8/1/2022,23293
8/2/2022,22996.73
8/3/2022,22830.41
8/4/2022,22619.65
8/5/2022,23320.81
8/6/2022,22955.7
8/7/2022,23178.33
8/8/2022,23819.91
8/9/2022,23157.26
8/10/2022,23962.57
8/11/2022,23947.68
8/12/2022,24412.92
8/13/2022,24446.47
8/14/2022,24313.45
8/15/2022,24105.05
8/16/2022,23861.91
8/17/2022,23336.2
8/18/2022,23197.29
8/19/2022,20834.21
8/20/2022,21141.36
8/21/2022,21515.5
8/22/2022,21405.65
8/23/2022,21522.46
8/24/2022,21367.86
8/25/2022,21573
8/26/2022,20248.02
8/27/2022,20034.81
8/28/2022,19547.27
8/29/2022,20296.67
8/30/2022,19806.5
8/31/2022,20050.91
9/1/2022,20127.8
9/2/2022,19957.86
9/3/2022,19836.08
9/4/2022,20001.22
9/5/2022,19792.98
9/6/2022,18791.03
9/7/2022,19284.39
9/8/2022,19323.46
9/9/2022,21373.17
9/10/2022,21661.33
9/11/2022,21841
9/12/2022,22400.92
9/13/2022,20173.89
9/14/2022,20230.23
9/15/2022,19701.33
9/16/2022,19799.55
9/17/2022,20115.74
9/18/2022,19417.73
9/19/2022,19540
9/20/2022,18877.59
9/21/2022,18469.2
9/22/2022,19405.19
9/23/2022,19290.94
9/24/2022,18924.59
9/25/2022,18801.5
9/26/2022,19225.36
9/27/2022,19082.96
9/28/2022,19409.99
9/29/2022,19592.71
9/30/2022,19425
10/1/2022,19314.55
10/2/2022,19055.97
10/3/2022,19633.94
10/4/2022,20345.3
10/5/2022,20164.08
10/6/2022,19963.61
10/7/2022,19533.24
10/8/2022,19418.1
10/9/2022,19444.95
10/10/2022,19133.43
10/11/2022,19056.71
10/12/2022,19155.16
10/13/2022,19381.79
10/14/2022,19183
10/15/2022,19068.93
10/16/2022,19264.8
10/17/2022,19550.03
10/18/2022,19330.32
10/19/2022,19124.53
10/20/2022,19043.79
10/21/2022,19165.75
10/22/2022,19208.23
10/23/2022,19569.9
10/24/2022,19332.21
10/25/2022,20088.48
10/26/2022,20775
10/27/2022,20291.92
10/28/2022,20601.2
10/29/2022,20821.15
10/30/2022,20629.08
10/31/2022,20492.31
11/1/2022,20480.13
11/2/2022,20151.04
11/3/2022,20208.04
11/4/2022,21148.93
11/5/2022,21298.77
11/6/2022,20910.8
11/7/2022,20592.43
11/8/2022,18543.89
11/9/2022,15869.02
11/10/2022,17552.29
11/11/2022,17003.32
11/12/2022,16772.66
11/13/2022,16303.49
11/14/2022,16589.4
11/15/2022,16877.08
11/16/2022,16652.51
11/17/2022,16680.75
11/18/2022,16679.89
11/19/2022,16684.54
11/20/2022,16256.82
11/21/2022,15759.89
11/22/2022,16195.47
11/23/2022,16595.25
11/24/2022,16591.7
11/25/2022,16506.84
11/26/2022,16449.75
11/27/2022,16421.33
11/28/2022,16207.13
11/29/2022,16433.57
11/30/2022,17166.48
12/1/2022,16977.35
12/2/2022,17093.09
12/3/2022,16886.43
12/4/2022,17110.61
12/5/2022,16966.43
12/6/2022,17087
12/7/2022,16838.29
12/8/2022,17227.22
12/9/2022,17128.94
12/10/2022,17127.41
12/11/2022,17093.7
12/12/2022,17209.43
12/13/2022,17774.49
12/14/2022,17802.99
12/15/2022,17359.11
12/16/2022,16630.36
12/17/2022,16781.43
12/18/2022,16742.16
12/19/2022,16440.91
12/20/2022,16900.82
12/21/2022,16827.11
12/22/2022,16815.75
12/23/2022,16778.66
12/24/2022,16836.94
12/25/2022,16829.1
12/26/2022,16915.43
12/27/2022,16698.95
12/28/2022,16539.66
12/29/2022,16628.8
12/30/2022,16600.24
12/31/2022,16526.98
1/1/2023,16613.89
1/2/2023,16668.2
1/3/2023,16668.96
1/4/2023,16845.73
1/5/2023,16825.18
1/6/2023,16948.17
1/7/2023,16941.96
1/8/2023,17122.12
1/9/2023,17179.57
1/10/2023,17442.1
1/11/2023,17941.07
1/12/2023,18848.84
1/13/2023,19927.32
1/14/2023,20953.82
1/15/2023,20879.01
1/16/2023,21187.25
1/17/2023,21135.03
1/18/2023,20674.77
1/19/2023,21082.96
1/20/2023,22677.58
1/21/2023,22781.17
1/22/2023,22715.17
1/23/2023,22919.26
1/24/2023,22635.12
1/25/2023,23050.4
1/26/2023,23010.76
1/27/2023,23080
1/28/2023,23028.7
1/29/2023,23749.93
1/30/2023,22835.1
1/31/2023,23132.09
2/1/2023,23730.58
2/2/2023,23485.06
2/3/2023,23436.18
2/4/2023,23333.55
2/5/2023,22941.48
2/6/2023,22764.07
2/7/2023,23252.25
2/8/2023,22963.91
2/9/2023,21798.17
2/10/2023,21636.89
2/11/2023,21864.97
2/12/2023,21788.61
2/13/2023,21788.9
2/14/2023,22207.53
2/15/2023,24332.63
2/16/2023,23522
2/17/2023,24576
2/18/2023,24637.9
2/19/2023,24287.2
2/20/2023,24840.35
2/21/2023,24452.18
2/22/2023,24186.6
2/23/2023,23941.32
2/24/2023,23189.86
2/25/2023,23166.13
2/26/2023,23560.21
2/27/2023,23492.9
2/28/2023,23132.48
3/1/2023,23637.7
3/2/2023,23467.28
3/3/2023,22358.51
3/4/2023,22348.19
3/5/2023,22429.09
3/6/2023,22406.66
3/7/2023,22197.59
3/8/2023,21699.68
3/9/2023,20366.52
3/10/2023,20227.61
3/11/2023,20622.07
3/12/2023,22195.09
3/13/2023,24206.46
3/14/2023,24768.1
3/15/2023,24371.14
3/16/2023,25050.09
3/17/2023,27450.7
3/18/2023,26978.28
3/19/2023,28047.35
3/20/2023,27817.41
3/21/2023,28195.74
3/22/2023,27324.89
3/23/2023,28348.75
3/24/2023,27491.31
3/25/2023,27494.84
3/26/2023,28000
3/27/2023,27149.19
3/28/2023,27275.46
3/29/2023,28355.28
3/30/2023,28040.84
3/31/2023,28478
4/1/2023,28469.08
4/2/2023,28191.12
4/3/2023,27811.22
4/4/2023,28179.27
4/5/2023,28182.54
4/6/2023,28049.55
4/7/2023,27927.94
4/8/2023,27959.33
4/9/2023,28342.54
4/10/2023,29657.36
4/11/2023,30231.51
4/12/2023,29905.16
4/13/2023,30410.11
4/14/2023,30492.82
4/15/2023,30325.15
4/16/2023,30328.22
4/17/2023,29448.06
4/18/2023,30393.42
4/19/2023,28832.68
4/20/2023,28246.31
4/21/2023,27263.02
4/22/2023,27819.01
4/23/2023,27596.11
4/24/2023,27519.25
4/25/2023,28308.41
4/26/2023,28429.98
4/27/2023,29486.66
4/28/2023,29341.18
4/29/2023,29250
4/30/2023,29232.86
5/1/2023,28086.4
5/2/2023,28679.93
5/3/2023,29034.95
5/4/2023,28855.17
5/5/2023,29539.61
5/6/2023,28906.72
5/7/2023,28461
5/8/2023,27695.45
5/9/2023,27645.45
5/10/2023,27622.63
5/11/2023,26995.74
5/12/2023,26805.47
5/13/2023,26789.54
5/14/2023,26930.73
5/15/2023,27179.55
5/16/2023,27036.6
5/17/2023,27402.84
5/18/2023,26823.12
5/19/2023,26887.85
5/20/2023,27119.26
5/21/2023,26755.08
5/22/2023,26854.6
5/23/2023,27224.21
5/24/2023,26328.31
5/25/2023,26480.65
5/26/2023,26718.32
5/27/2023,26870.65
5/28/2023,28080.73
5/29/2023,27746.1
5/30/2023,27702.41
5/31/2023,27217.56
6/1/2023,26822.02
6/2/2023,27252.03
6/3/2023,27077.38
6/4/2023,27126.03
6/5/2023,25737.47
6/6/2023,27240.64
6/7/2023,26349.27
6/8/2023,26507.27
6/9/2023,26483.6
6/10/2023,25855.53
6/11/2023,25933.6
6/12/2023,25903.77
6/13/2023,25923.56
6/14/2023,25125.78
6/15/2023,25572.38
6/16/2023,26327.49
6/17/2023,26509.17
6/18/2023,26335.63
6/19/2023,26839.61
6/20/2023,28316.8
6/21/2023,29996.13
6/22/2023,29896.23
6/23/2023,30699.75
6/24/2023,30548.09
6/25/2023,30471.72
6/26/2023,30273.06
6/27/2023,30698.19
6/28/2023,30080.57
6/29/2023,30445.26
6/30/2023,30472.71
7/1/2023,30587.88
7/2/2023,30616.11
7/3/2023,31156.03
7/4/2023,30774.67
7/5/2023,30502.54
7/6/2023,29912.37
7/7/2023,30348.09
7/8/2023,30291.68
7/9/2023,30170.2
7/10/2023,30418.6
7/11/2023,30625.65
7/12/2023,30384.79
7/13/2023,31471.82
7/14/2023,30328.5
7/15/2023,30298.21
7/16/2023,30246.33
7/17/2023,30144.74
7/18/2023,29862.9
7/19/2023,29916.68
7/20/2023,29807.23
7/21/2023,29909.82
7/22/2023,29776.17
7/23/2023,30081.61
7/24/2023,29178.93
7/25/2023,29224.17
7/26/2023,29348.24
7/27/2023,29213.4
7/28/2023,29314.2
7/29/2023,29357.34
7/30/2023,29279.42
7/31/2023,29230.36
8/1/2023,29703.57
8/2/2023,29161.89
8/3/2023,29178.64
8/4/2023,29077.31
8/5/2023,29047.12
8/6/2023,29040.74
8/7/2023,29180.61
8/8/2023,29770.06
8/9/2023,29564.41
8/10/2023,29426.24
8/11/2023,29399.73
8/12/2023,29415.66
8/13/2023,29278.44
8/14/2023,29406.96
8/15/2023,29171.46
8/16/2023,28700.03
8/17/2023,26640.6
8/18/2023,26048.15
8/19/2023,26092.93
8/20/2023,26189.68
8/21/2023,26124.15
8/22/2023,26040.4
8/23/2023,26429.18
8/24/2023,26160
8/25/2023,26048.63
8/26/2023,26008.15
8/27/2023,26090.35
8/28/2023,26105.14
8/29/2023,27724.1
8/30/2023,27303.02
8/31/2023,25929.54
9/1/2023,25799.23
9/2/2023,25866.27
9/3/2023,25971.36
9/4/2023,25817.01
9/5/2023,25783.27
9/6/2023,25750.29
9/7/2023,26251.08
9/8/2023,25906.31
9/9/2023,25895.67
9/10/2023,25833.04
9/11/2023,25154.88
9/12/2023,25840.37
9/13/2023,26227.62
9/14/2023,26532.76
9/15/2023,26606.33
9/16/2023,26567.68
9/17/2023,26531.87
9/18/2023,26764.47
9/19/2023,27216.3
9/20/2023,27126.41
9/21/2023,26565.56
9/22/2023,26578.59
9/23/2023,26571.11
9/24/2023,26252.51
9/25/2023,26295.76
9/26/2023,26209.26
9/27/2023,26355.88
9/28/2023,27025.84
9/29/2023,26909.29
9/30/2023,26964.27
10/1/2023,27975.86
10/2/2023,27510.47
10/3/2023,27430.03
10/4/2023,27793.86
10/5/2023,27410.52
10/6/2023,27949.54
10/7/2023,27975.97
10/8/2023,27937.08
10/9/2023,27586.73
10/10/2023,27394.21
10/11/2023,26869.78
10/12/2023,26753.47
10/13/2023,26863.27
10/14/2023,26854.17
10/15/2023,27178.03
10/16/2023,28517.64
10/17/2023,28411.12
10/18/2023,28328.14
10/19/2023,28733.32
10/20/2023,29683.88
10/21/2023,29922.26
10/22/2023,29994.43
10/23/2023,33072.57
10/24/2023,33911.1
10/25/2023,34497.83
10/26/2023,34158.41
10/27/2023,33911.58
10/28/2023,34091.12
10/29/2023,34531.43
10/30/2023,34493.32
10/31/2023,34659.9
11/1/2023,35436.84
11/2/2023,34934.13
11/3/2023,34730.31
11/4/2023,35079.56
11/5/2023,35044.48
11/6/2023,35044.25
11/7/2023,35433.97
11/8/2023,35631
11/9/2023,36703
11/10/2023,37320.43
11/11/2023,37149.68
11/12/2023,37080.15
11/13/2023,36488.65
11/14/2023,35548.39
11/15/2023,37884.35
11/16/2023,36164.68
11/17/2023,36614.9
11/18/2023,36587.19
11/19/2023,37382.95
11/20/2023,37479.74
11/21/2023,35787.93
11/22/2023,37427.18
11/23/2023,37297.91
11/24/2023,37738.51
11/25/2023,37805.63
11/26/2023,37470.96
11/27/2023,37248.96
11/28/2023,37834.14
11/29/2023,37861.84
11/30/2023,37713.8
12/1/2023,38701.6
12/2/2023,39473.79
12/3/2023,39981.83
12/4/2023,41986.8
12/5/2023,44084.9
12/6/2023,43772.71
12/7/2023,43296.34
12/8/2023,44190.31
12/9/2023,43729.68
12/10/2023,43783.69
12/11/2023,41233.89
12/12/2023,41467.65
12/13/2023,42886.81
12/14/2023,43030.62
12/15/2023,41924.37
12/16/2023,42237.91
12/17/2023,41344.39
12/18/2023,42649.13
12/19/2023,42260.58
12/20/2023,43656.85
12/21/2023,43872.99
12/22/2023,44000.16
12/23/2023,43732.76
12/24/2023,43005.98
12/25/2023,43590.85
12/26/2023,42516.5
12/27/2023,43466.4
12/28/2023,42595.27
12/29/2023,42074.83
12/30/2023,42150.71
12/31/2023,42260.76
1/1/2024,44184.37
1/2/2024,44959.02
1/3/2024,42844.17
1/4/2024,44194
1/5/2024,44170.59
1/6/2024,43977.95
1/7/2024,43939.2
1/8/2024,46983.99
1/9/2024,46131.23
1/10/2024,46659.48
1/11/2024,46360.18
1/12/2024,42834.09
1/13/2024,42842.69
1/14/2024,41730.31
1/15/2024,42492.61
1/16/2024,43136
1/17/2024,42739.14
1/18/2024,41267.4
1/19/2024,41621.36
1/20/2024,41664.57
1/21/2024,41552.21
1/22/2024,39513.39
1/23/2024,39865.8
1/24/2024,40076.6
1/25/2024,39924.09
1/26/2024,41808.39
1/27/2024,42122.02
1/28/2024,42027.18
1/29/2024,43292.07
1/30/2024,42945.01
1/31/2024,42562.8
2/1/2024,43069.99
2/2/2024,43181.48
2/3/2024,42993.94
2/4/2024,42567.63
2/5/2024,42663.45
2/6/2024,43085.03
2/7/2024,44336
2/8/2024,45307.88
2/9/2024,47144.07
2/10/2024,47769.29
2/11/2024,48296.53
2/12/2024,49954.53
2/13/2024,49732.08
2/14/2024,51832.41
2/15/2024,51939.37
2/16/2024,52162.94
2/17/2024,51672.07
2/18/2024,52130.26
2/19/2024,51788.77
2/20/2024,52277.86
2/21/2024,51854.42
2/22/2024,51269.48
2/23/2024,50737.21
2/24/2024,51567.44
2/25/2024,51722.89
2/26/2024,54527.14
2/27/2024,57078.21
2/28/2024,62518.03
2/29/2024,61188.54
3/1/2024,62432.56
3/2/2024,62041.94
3/3/2024,63157.87
3/4/2024,68372.5
3/5/2024,63845.96
3/6/2024,66115.21
3/7/2024,66939.93
3/8/2024,68294.99
3/9/2024,68485.29
3/10/2024,69029.15
3/11/2024,72113.88
3/12/2024,71490.29
3/13/2024,73115.07
3/14/2024,71373.85
3/15/2024,69446.62
3/16/2024,65265.69
3/17/2024,68348.45
3/18/2024,67600.02
3/19/2024,61974.92
3/20/2024,67869.99
3/21/2024,65482.24
3/22/2024,63807.1
3/23/2024,64018.53
3/24/2024,67207.77
3/25/2024,69913.24
3/26/2024,69998.13
3/27/2024,69414.66
3/28/2024,70777.24
3/29/2024,69902.83
3/30/2024,69642.51
3/31/2024,71325.08
4/1/2024,69696.15
4/2/2024,65454.02
4/3/2024,65989.82
4/4/2024,68525.8
4/5/2024,67856.22
4/6/2024,68905.61
4/7/2024,69362.34
4/8/2024,71629.77
4/9/2024,69128.98
4/10/2024,70608.72
4/11/2024,70029.46
4/12/2024,67182.35
4/13/2024,63998.31
4/14/2024,65768.17
4/15/2024,63433.9
4/16/2024,63823.89
4/17/2024,61272.77
4/18/2024,63509.1
4/19/2024,63826.87
4/20/2024,64976.53
4/21/2024,64948.43
4/22/2024,66853.85
4/23/2024,66415.03
4/24/2024,64263.09
4/25/2024,64486.63
4/26/2024,63745.53
4/27/2024,63419.9
4/28/2024,63099.55
4/29/2024,63831.19
4/30/2024,60619.02
5/1/2024,58263.57
5/2/2024,59114.41
5/3/2024,62894.33
5/4/2024,63210.41
